Player and Position,Auction Value,Owner,Year
"49ers, San Francisco SFO Def",$30 ,Best Served Cold,2024
"49ers, San Francisco SFO TMPK",$15 ,Mean Monkeys with Hammers,2024
"Adams, Davante NYJ WR",$105 ,"Knights of ""Ni""",2024
"Addison, Jordan MIN WR",$14 ,Bears Wannabe's,2024
"Allen, Braelon NYJ RB",$15 ,Mile High,2024
"Allen, Keenan CHI WR",$40 ,Best Served Cold,2024
"Allgeier, Tyler ATL RB",$20 ,Mile High,2024
"Andrews, Mark BAL TE",$65 ,Bears Wannabe's,2024
"Barkley, Saquon PHI RB",$125 ,Mean Monkeys with Hammers,2024
"Bears, Chicago CHI Def",$5 ,The Lions’ Den,2024
"Benson, Trey ARI RB",$35 ,Get The Poison Out,2024
"Bigsby, Tank JAC RB",$11 ,Appetite For Destruction,2024
"Bills, Buffalo BUF Def",$11 ,Bears Wannabe's,2024
"Bills, Buffalo BUF TMPK",$1 ,"Knights of ""Ni""",2024
"Bowers, Brock LVR TE",$35 ,Appetite For Destruction,2024
"Brooks, Jonathon CAR RB",$55 ,Best Served Cold,2024
"Brown, Chase CIN RB",$30 ,Get The Poison Out,2024
"Brown, Dyami WAS WR",$1 ,Mean Monkeys with Hammers,2024
"Brown, Marquise KCC WR",$11 ,"Knights of ""Ni""",2024
"Browns, Cleveland CLE Def",$15 ,Bears Wannabe's,2024
"Burrow, Joe CIN QB",$140 ,Best Served Cold,2024
"Carr, Derek NOS QB",$11 ,Get The Poison Out,2024
"Chandler, Ty MIN RB",$12 ,Back in Black,2024
"Charbonnet, Zach SEA RB",$20 ,"Knights of ""Ni""",2024
"Chargers, Los Angeles LAC Def",$1 ,Mean Monkeys with Hammers,2024
"Chargers, Los Angeles LAC TMPK",$1 ,The Lions’ Den,2024
"Chiefs, Kansas City KCC Def",$8 ,Back in Black,2024
"Chiefs, Kansas City KCC TMPK",$15 ,Mile High,2024
"Chubb, Nick CLE RB",$30 ,Best Served Cold,2024
"Coleman, Keon BUF WR",$30 ,Mile High,2024
"Colts, Indianapolis IND Def",$1 ,Mean Monkeys with Hammers,2024
"Conklin, Tyler NYJ TE",$3 ,Get The Poison Out,2024
"Conner, James ARI RB",$60 ,Appetite For Destruction,2024
"Cooks, Brandin DAL WR",$20 ,Best Served Cold,2024
"Cooper, Amari BUF WR",$50 ,Bears Wannabe's,2024
"Corum, Blake LAR RB",$30 ,Back in Black,2024
"Cousins, Kirk ATL QB",$115 ,Mile High,2024
"Cowboys, Dallas DAL Def",$5 ,Get The Poison Out,2024
"Cowboys, Dallas DAL TMPK",$20 ,Best Served Cold,2024
"Daniels, Jayden WAS QB",$135 ,Appetite For Destruction,2024
"Darnold, Sam MIN QB",$5 ,Bears Wannabe's,2024
"Davis, Gabriel JAC WR",$1 ,"Knights of ""Ni""",2024
"Davis, Ray BUF RB",$25 ,Mile High,2024
"Diggs, Stefon HOU WR",$60 ,Bears Wannabe's,2024
"Dobbins, J.K. LAC RB",$13 ,Mean Monkeys with Hammers,2024
"Dolphins, Miami MIA Def",$1 ,Get The Poison Out,2024
"Dolphins, Miami MIA TMPK",$3 ,Back in Black,2024
"Doubs, Romeo GBP WR",$20 ,Bears Wannabe's,2024
"Douglas, Demario NEP WR",$2 ,"Knights of ""Ni""",2024
"Dowdle, Rico DAL RB",$30 ,Mean Monkeys with Hammers,2024
"Downs, Josh IND WR",$12 ,Mile High,2024
"Eagles, Philadelphia PHI TMPK",$4 ,Bears Wannabe's,2024
"Edwards, Gus LAC RB",$35 ,The Lions’ Den,2024
"Edwards-Helaire, Clyde FA RB",$1 ,"Knights of ""Ni""",2024
"Ekeler, Austin WAS RB",$30 ,Best Served Cold,2024
"Elliott, Ezekiel LAC RB",$7 ,SHUT THE FUCK UP DONNIE!,2024
"Estime, Audric DEN RB",$1 ,Back in Black,2024
"Etienne, Travis JAC RB",$120 ,Appetite For Destruction,2024
"Falcons, Atlanta ATL Def",$1 ,Appetite For Destruction,2024
"Ferguson, Jake DAL TE",$35 ,Get The Poison Out,2024
"Fields, Justin PIT QB",$6 ,Mile High,2024
"Flowers, Zay BAL WR",$50 ,Bears Wannabe's,2024
"Freiermuth, Pat PIT TE",$6 ,Mile High,2024
"Gibbs, Jahmyr DET RB",$155 ,Back in Black,2024
"Gibson, Antonio NEP RB",$1 ,"Knights of ""Ni""",2024
"Godwin, Chris TBB WR",$50 ,Best Served Cold,2024
"Goedert, Dallas PHI TE",$9 ,Bears Wannabe's,2024
"Goff, Jared DET QB",$125 ,The Lions’ Den,2024
"Gray, Eric NYG RB",$1 ,"Knights of ""Ni""",2024
"Harris, Najee PIT RB",$35 ,Appetite For Destruction,2024
"Harrison Jr., Marvin ARI WR",$140 ,SHUT THE FUCK UP DONNIE!,2024
"Henry, Derrick BAL RB",$155 ,The Lions’ Den,2024
"Higgins, Tee CIN WR",$45 ,"Knights of ""Ni""",2024
"Hockenson, T.J. MIN TE",$10 ,Appetite For Destruction,2024
"Hopkins, DeAndre KCC WR",$25 ,Back in Black,2024
"Hubbard, Chuba CAR RB",$20 ,The Lions’ Den,2024
"Iosivas, Andrei CIN WR",$3 ,Mean Monkeys with Hammers,2024
"Irving, Bucky TBB RB",$20 ,The Lions’ Den,2024
"Jacobs, Josh GBP RB",$85 ,Bears Wannabe's,2024
"Jaguars, Jacksonville JAC TMPK",$1 ,Get The Poison Out,2024
"Jets, New York NYJ Def",$25 ,Appetite For Destruction,2024
"Jeudy, Jerry CLE WR",$1 ,Back in Black,2024
"Johnson, Diontae BAL WR",$55 ,Mean Monkeys with Hammers,2024
"Jones, Daniel MIN QB",$6 ,Get The Poison Out,2024
"Kelce, Travis KCC TE",$85 ,Mean Monkeys with Hammers,2024
"Kirk, Christian JAC WR",$45 ,Best Served Cold,2024
"Kittle, George SFO TE",$40 ,Back in Black,2024
"Kmet, Cole CHI TE",$9 ,Appetite For Destruction,2024
"Legette, Xavier CAR WR",$1 ,Back in Black,2024
"Levis, Will TEN QB",$40 ,Best Served Cold,2024
"Likely, Isaiah BAL TE",$1 ,Get The Poison Out,2024
"Lloyd, MarShawn GBP RB",$11 ,The Lions’ Den,2024
"Lockett, Tyler SEA WR",$12 ,Bears Wannabe's,2024
"Mahomes, Patrick KCC QB",$245 ,Back in Black,2024
"Mason, Jordan SFO RB",$1 ,Bears Wannabe's,2024
"Maye, Drake NEP QB",$25 ,Appetite For Destruction,2024
"Mayfield, Baker TBB QB",$50 ,Appetite For Destruction,2024
"McBride, Trey ARI TE",$65 ,SHUT THE FUCK UP DONNIE!,2024
"McCaffrey, Luke WAS WR",$3 ,The Lions’ Den,2024
"McConkey, Ladd LAC WR",$35 ,Appetite For Destruction,2024
"McLaughlin, Jaleel DEN RB",$25 ,Appetite For Destruction,2024
"McLaurin, Terry WAS WR",$55 ,Mean Monkeys with Hammers,2024
"Metcalf, DK SEA WR",$85 ,SHUT THE FUCK UP DONNIE!,2024
"Meyers, Jakobi LVR WR",$6 ,Best Served Cold,2024
"Miller, Kendre NOS RB",$1 ,"Knights of ""Ni""",2024
"Minshew, Gardner LVR QB",$8 ,The Lions’ Den,2024
"Mitchell, Adonai IND WR",$1 ,Back in Black,2024
"Mixon, Joe HOU RB",$75 ,"Knights of ""Ni""",2024
"Montgomery, David DET RB",$50 ,The Lions’ Den,2024
"Moore, D.J. CHI WR",$90 ,Appetite For Destruction,2024
"Moss, Zack CIN RB",$30 ,Bears Wannabe's,2024
"Musgrave, Luke GBP TE",$20 ,Mean Monkeys with Hammers,2024
"Nabers, Malik NYG WR",$95 ,SHUT THE FUCK UP DONNIE!,2024
"Nix, Bo DEN QB",$45 ,Mean Monkeys with Hammers,2024
"Njoku, David CLE TE",$25 ,Best Served Cold,2024
"Odunze, Rome CHI WR",$55 ,Back in Black,2024
"Palmer, Joshua LAC WR",$35 ,Appetite For Destruction,2024
"Pearsall, Ricky SFO WR",$1 ,Mile High,2024
"Penix Jr., Michael ATL QB",$14 ,Best Served Cold,2024
"Pittman, Michael IND WR",$75 ,SHUT THE FUCK UP DONNIE!,2024
"Pitts, Kyle ATL TE",$40 ,The Lions’ Den,2024
"Polk, Ja'Lynn NEP WR",$4 ,Best Served Cold,2024
"Pollard, Tony TEN RB",$40 ,Back in Black,2024
"Prescott, Dak DAL QB",$145 ,Best Served Cold,2024
"Ravens, Baltimore BAL Def",$16 ,Mile High,2024
"Ravens, Baltimore BAL TMPK",$15 ,Appetite For Destruction,2024
"Reed, Jayden GBP WR",$35 ,The Lions’ Den,2024
"Rice, Rashee KCC WR",$65 ,The Lions’ Den,2024
"Richardson, Anthony IND QB",$135 ,"Knights of ""Ni""",2024
"Ridley, Calvin TEN WR",$35 ,Get The Poison Out,2024
"Rodgers, Aaron NYJ QB",$50 ,Mile High,2024
"Saints, New Orleans NOS Def",$1 ,"Knights of ""Ni""",2024
"Samuel, Curtis BUF WR",$6 ,"Knights of ""Ni""",2024
"Schultz, Dalton HOU TE",$3 ,Best Served Cold,2024
"Shaheed, Rashid NOS WR",$35 ,Mile High,2024
"Shakir, Khalil BUF WR",$45 ,Get The Poison Out,2024
"Singletary, Devin NYG RB",$30 ,Bears Wannabe's,2024
"Smith, Geno SEA QB",$55 ,Appetite For Destruction,2024
"Smith-Njigba, Jaxon SEA WR",$50 ,Appetite For Destruction,2024
"Spears, Tyjae TEN RB",$40 ,Get The Poison Out,2024
"Steele, Carson KCC RB",$1 ,"Knights of ""Ni""",2024
"Steelers, Pittsburgh PIT Def",$2 ,Back in Black,2024
"Stevenson, Rhamondre NEP RB",$45 ,Get The Poison Out,2024
"Sutton, Courtland DEN WR",$40 ,The Lions’ Den,2024
"Swift, D'Andre CHI RB",$50 ,Mean Monkeys with Hammers,2024
"Texans, Houston HOU Def",$1 ,Back in Black,2024
"Thielen, Adam CAR WR",$1 ,Mean Monkeys with Hammers,2024
"Thomas Jr., Brian JAC WR",$40 ,The Lions’ Den,2024
"Vidal, Kimani LAC RB",$2 ,Mean Monkeys with Hammers,2024
"Walker III, Kenneth SEA RB",$115 ,Mile High,2024
"Warren, Jaylen PIT RB",$25 ,Appetite For Destruction,2024
"Watson, Christian GBP WR",$50 ,Get The Poison Out,2024
"Watson, Deshaun CLE QB",$35 ,Bears Wannabe's,2024
"White, Zamir LVR RB",$25 ,Mile High,2024
"Wicks, Dontayvion GBP WR",$1 ,Back in Black,2024
"Williams, Caleb CHI QB",$140 ,Get The Poison Out,2024
"Williams, Jameson DET WR",$20 ,Mean Monkeys with Hammers,2024
"Williams, Javonte DEN RB",$35 ,SHUT THE FUCK UP DONNIE!,2024
"Williams, Mike PIT WR",$11 ,Mile High,2024
"Wilson, Michael ARI WR",$4 ,Mile High,2024
"Worthy, Xavier KCC WR",$40 ,Get The Poison Out,2024
"Wright, Jaylen MIA RB",$25 ,The Lions’ Den,2024
"Young, Bryce CAR QB",$25 ,"Knights of ""Ni""",2024
"49ers, San Francisco SFO Def",$25 ,Back in Black,2023
"49ers, San Francisco SFO TMPK",$3 ,Get The Poison Out,2023
"Achane, De'Von MIA RB",$20 ,The Lions’ Den,2023
"Adams, Davante LVR WR",$210 ,Appetite For Destruction,2023
"Addison, Jordan MIN WR",$60 ,Get The Poison Out,2023
"Akers, Cam MIN RB",$60 ,Best Served Cold,2023
"Allen, Keenan LAC WR",$145 ,The Lions’ Den,2023
"Allgeier, Tyler ATL RB",$20 ,Appetite For Destruction,2023
"Bateman, Rashod BAL WR",$13 ,Bears Got Big Mack,2023
"Beckham, Odell BAL WR",$5 ,SHUT THE FUCK UP DONNIE!,2023
"Bengals, Cincinnati CIN TMPK",$7 ,Appetite For Destruction,2023
"Bennett, Stetson LAR QB",$1 ,Mile High,2023
"Bigsby, Tank JAC RB",$20 ,Mean Monkeys with Hammers,2023
"Bills, Buffalo BUF Def",$13 ,Back in Black,2023
"Bills, Buffalo BUF TMPK",$13 ,Bears Got Big Mack,2023
"Broncos, Denver DEN TMPK",$8 ,Mile High,2023
"Brown, Chase CIN RB",$3 ,Get The Poison Out,2023
"Brown, Marquise ARI WR",$20 ,Bears Got Big Mack,2023
"Burks, Treylon TEN WR",$25 ,Mile High,2023
"Carr, Derek NOS QB",$45 ,"Knights of ""Ni""",2023
"Chandler, Ty MIN RB",$1 ,Get The Poison Out,2023
"Charbonnet, Zach SEA RB",$40 ,Mile High,2023
"Chark, D.J. CAR WR",$1 ,Mean Monkeys with Hammers,2023
"Chiefs, Kansas City KCC TMPK",$10 ,Mean Monkeys with Hammers,2023
"Collins, Nico HOU WR",$20 ,Best Served Cold,2023
"Conklin, Tyler NYJ TE",$1 ,Get The Poison Out,2023
"Conner, James ARI RB",$80 ,"Knights of ""Ni""",2023
"Cook, Dalvin BAL RB",$25 ,Bears Got Big Mack,2023
"Cook, James BUF RB",$65 ,Best Served Cold,2023
"Cooks, Brandin DAL WR",$30 ,Mean Monkeys with Hammers,2023
"Cousins, Kirk MIN QB",$135 ,Back in Black,2023
"Cowboys, Dallas DAL Def",$20 ,Mile High,2023
"Davis, Gabriel BUF WR",$35 ,Get The Poison Out,2023
"Dell, Tank HOU WR",$7 ,The Lions’ Den,2023
"Dillon, AJ GBP RB",$20 ,Bears Got Big Mack,2023
"Dobbins, J.K. BAL RB",$65 ,Appetite For Destruction,2023
"Doubs, Romeo GBP WR",$9 ,Bears Got Big Mack,2023
"Dulcich, Greg DEN TE",$1 ,Get The Poison Out,2023
"Eagles, Philadelphia PHI Def",$20 ,Bears Got Big Mack,2023
"Eagles, Philadelphia PHI TMPK",$5 ,"Knights of ""Ni""",2023
"Edwards, Gus BAL RB",$1 ,Appetite For Destruction,2023
"Edwards-Helaire, Clyde KCC RB",$1 ,Mean Monkeys with Hammers,2023
"Elliott, Ezekiel NEP RB",$30 ,Best Served Cold,2023
"Engram, Evan JAC TE",$25 ,Best Served Cold,2023
"Etienne, Travis JAC RB",$110 ,Mean Monkeys with Hammers,2023
"Evans, Mike TBB WR",$45 ,The Lions’ Den,2023
"Everett, Gerald LAC TE",$1 ,Back in Black,2023
"Falcons, Atlanta ATL TMPK",$4 ,SHUT THE FUCK UP DONNIE!,2023
"Flowers, Zay BAL WR",$35 ,Back in Black,2023
"Ford, Jerome CLE RB",$1 ,"Knights of ""Ni""",2023
"Freiermuth, Pat PIT TE",$30 ,Appetite For Destruction,2023
"Gainwell, Kenneth PHI RB",$5 ,Back in Black,2023
"Garoppolo, Jimmy LVR QB",$30 ,Best Served Cold,2023
"Gibbs, Jahmyr DET RB",$140 ,SHUT THE FUCK UP DONNIE!,2023
"Gibson, Antonio WAS RB",$25 ,Bears Got Big Mack,2023
"Godwin, Chris TBB WR",$85 ,Best Served Cold,2023
"Goedert, Dallas PHI TE",$25 ,Mean Monkeys with Hammers,2023
"Hall, Breece NYJ RB",$95 ,Get The Poison Out,2023
"Harris, Damien BUF RB",$1 ,Appetite For Destruction,2023
"Harris, Najee PIT RB",$100 ,"Knights of ""Ni""",2023
"Henry, Hunter NEP TE",$3 ,The Lions’ Den,2023
"Herbert, Khalil CHI RB",$35 ,Mean Monkeys with Hammers,2023
"Higbee, Tyler LAR TE",$4 ,"Knights of ""Ni""",2023
"Higgins, Tee CIN WR",$125 ,Mean Monkeys with Hammers,2023
"Hockenson, T.J. MIN TE",$60 ,Back in Black,2023
"Hooker, Hendon DET QB",$1 ,The Lions’ Den,2023
"Howell, Sam WAS QB",$55 ,SHUT THE FUCK UP DONNIE!,2023
"Hull, Evan IND RB",$1 ,SHUT THE FUCK UP DONNIE!,2023
"Hunt, Kareem CLE RB",$4 ,"Knights of ""Ni""",2023
"Hyatt, Jalin NYG WR",$7 ,The Lions’ Den,2023
"Jaguars, Jacksonville JAC Def",$15 ,The Lions’ Den,2023
"Jefferson, Van ATL WR",$4 ,SHUT THE FUCK UP DONNIE!,2023
"Jets, New York NYJ Def",$20 ,Mean Monkeys with Hammers,2023
"Jeudy, Jerry DEN WR",$50 ,Mile High,2023
"Johnson, Diontae PIT WR",$70 ,Mile High,2023
"Johnson, Roschon CHI RB",$20 ,The Lions’ Den,2023
"Johnston, Quentin LAC WR",$30 ,Mile High,2023
"Jones, Mac NEP QB",$25 ,Bears Got Big Mack,2023
"Jones, Zay JAC WR",$2 ,Best Served Cold,2023
"Kamara, Alvin NOS RB",$60 ,"Knights of ""Ni""",2023
"Kincaid, Dalton BUF TE",$25 ,Appetite For Destruction,2023
"Kirk, Christian JAC WR",$55 ,Best Served Cold,2023
"Kittle, George SFO TE",$50 ,Mile High,2023
"Kmet, Cole CHI TE",$1 ,The Lions’ Den,2023
"LaPorta, Sam DET TE",$14 ,Mile High,2023
"Lamb, CeeDee DAL WR",$220 ,"Knights of ""Ni""",2023
"Lazard, Allen NYJ WR",$35 ,Bears Got Big Mack,2023
"Love, Jordan GBP QB",$45 ,The Lions’ Den,2023
"Mayfield, Baker TBB QB",$20 ,SHUT THE FUCK UP DONNIE!,2023
"McKinnon, Jerick KCC RB",$20 ,Best Served Cold,2023
"McLaughlin, Jaleel DEN RB",$1 ,The Lions’ Den,2023
"McLaurin, Terry WAS WR",$70 ,Best Served Cold,2023
"Metchie, John HOU WR",$1 ,The Lions’ Den,2023
"Meyers, Jakobi LVR WR",$11 ,SHUT THE FUCK UP DONNIE!,2023
"Miller, Kendre NOS RB",$20 ,Appetite For Destruction,2023
"Mims, Marvin DEN WR",$5 ,Get The Poison Out,2023
"Mingo, Jonathan CAR WR",$20 ,"Knights of ""Ni""",2023
"Mitchell, Elijah SFO RB",$6 ,Back in Black,2023
"Mixon, Joe CIN RB",$110 ,SHUT THE FUCK UP DONNIE!,2023
"Montgomery, David DET RB",$50 ,Back in Black,2023
"Mooney, Darnell CHI WR",$3 ,Bears Got Big Mack,2023
"Moore, D.J. CHI WR",$105 ,The Lions’ Den,2023
"Moore, Elijah CLE WR",$25 ,Get The Poison Out,2023
"Moore, Rondale ARI WR",$2 ,SHUT THE FUCK UP DONNIE!,2023
"Mostert, Raheem MIA RB",$25 ,"Knights of ""Ni""",2023
"Murray, Kyler ARI QB",$20 ,"Knights of ""Ni""",2023
"Musgrave, Luke GBP TE",$5 ,Mean Monkeys with Hammers,2023
"Nacua, Puka LAR WR",$1 ,The Lions’ Den,2023
"Njoku, David CLE TE",$8 ,Bears Got Big Mack,2023
"Okonkwo, Chigoziem TEN TE",$5 ,Best Served Cold,2023
"Pacheco, Isiah KCC RB",$40 ,Mile High,2023
"Packers, Green Bay GBP Def",$1 ,Get The Poison Out,2023
"Palmer, Josh LAC WR",$2 ,"Knights of ""Ni""",2023
"Parker, DeVante NEP WR",$1 ,Back in Black,2023
"Patriots, New England NEP Def",$20 ,Best Served Cold,2023
"Penny, Rashaad PHI RB",$7 ,Mean Monkeys with Hammers,2023
"Perine, Samaje DEN RB",$14 ,Mile High,2023
"Pickens, George PIT WR",$60 ,Appetite For Destruction,2023
"Pickett, Kenny PIT QB",$85 ,Get The Poison Out,2023
"Pierce, Alec IND WR",$1 ,Back in Black,2023
"Pittman, Michael IND WR",$50 ,Bears Got Big Mack,2023
"Pitts, Kyle ATL TE",$55 ,Get The Poison Out,2023
"Prescott, Dak DAL QB",$145 ,Mean Monkeys with Hammers,2023
"Purdy, Brock SFO QB",$55 ,Mile High,2023
"Raiders, Las Vegas LVR TMPK",$20 ,The Lions’ Den,2023
"Ravens, Baltimore BAL Def",$20 ,Appetite For Destruction,2023
"Ravens, Baltimore BAL TMPK",$25 ,Best Served Cold,2023
"Reed, Jayden GBP WR",$1 ,Back in Black,2023
"Renfrow, Hunter LVR WR",$2 ,Mean Monkeys with Hammers,2023
"Rice, Rashee KCC WR",$1 ,Appetite For Destruction,2023
"Richardson, Anthony IND QB",$110 ,Mile High,2023
"Ridder, Desmond ATL QB",$25 ,Get The Poison Out,2023
"Ridley, Calvin JAC WR",$145 ,SHUT THE FUCK UP DONNIE!,2023
"Robinson, Allen PIT WR",$1 ,Appetite For Destruction,2023
"Robinson, Bijan ATL RB",$205 ,Back in Black,2023
"Robinson, Brian WAS RB",$25 ,Get The Poison Out,2023
"Rodgers, Aaron NYJ QB",$85 ,Bears Got Big Mack,2023
"Ross, Justyn KCC WR",$5 ,"Knights of ""Ni""",2023
"Saints, New Orleans NOS Def",$11 ,"Knights of ""Ni""",2023
"Schultz, Dalton HOU TE",$8 ,SHUT THE FUCK UP DONNIE!,2023
"Seahawks, Seattle SEA TMPK",$1 ,Back in Black,2023
"Smith-Njigba, Jaxon SEA WR",$50 ,Appetite For Destruction,2023
"Smith-Schuster, JuJu NEP WR",$20 ,Best Served Cold,2023
"Spears, Tyjae TEN RB",$30 ,Get The Poison Out,2023
"Stafford, Matthew LAR QB",$25 ,SHUT THE FUCK UP DONNIE!,2023
"Steelers, Pittsburgh PIT Def",$16 ,Appetite For Destruction,2023
"Stevenson, Rhamondre NEP RB",$120 ,Best Served Cold,2023
"Stroud, C.J. HOU QB",$25 ,Bears Got Big Mack,2023
"Sutton, Courtland DEN WR",$20 ,"Knights of ""Ni""",2023
"Swift, D'Andre PHI RB",$45 ,Back in Black,2023
"Tannehill, Ryan TEN QB",$20 ,Mean Monkeys with Hammers,2023
"Taylor, Jonathan IND RB",$95 ,Bears Got Big Mack,2023
"Thielen, Adam CAR WR",$2 ,SHUT THE FUCK UP DONNIE!,2023
"Thomas, Michael NOS WR",$30 ,Mean Monkeys with Hammers,2023
"Tillman, Cedric CLE WR",$1 ,Appetite For Destruction,2023
"Toney, Kadarius KCC WR",$11 ,Back in Black,2023
"Vaughn, Deuce DAL RB",$20 ,Mean Monkeys with Hammers,2023
"Waller, Darren NYG TE",$85 ,SHUT THE FUCK UP DONNIE!,2023
"Warren, Jaylen PIT RB",$25 ,Back in Black,2023
"Watson, Christian GBP WR",$80 ,Bears Got Big Mack,2023
"Williams, Jamaal NOS RB",$20 ,Get The Poison Out,2023
"Williams, Jameson DET WR",$10 ,Mile High,2023
"Williams, Javonte DEN RB",$55 ,Mile High,2023
"Williams, Kyren LAR RB",$1 ,The Lions’ Den,2023
"Williams, Mike LAC WR",$60 ,"Knights of ""Ni""",2023
"Wilson, Jeffery MIA RB",$1 ,Appetite For Destruction,2023
"Wilson, Michael ARI WR",$1 ,Mile High,2023
"Wilson, Russell DEN QB",$65 ,Best Served Cold,2023
"Young, Bryce CAR QB",$45 ,Back in Black,2023
"49ers, San Francisco SFO Def",$12 ,Mean Monkeys with Hammers,2022
"49ers, San Francisco SFO TMPK",$1 ,Mean Monkeys with Hammers,2022
"Adams, Davante LVR WR",$235 ,The Lions’ Den,2022
"Aiyuk, Brandon SFO WR",$30 ,The Lions’ Den,2022
"Akers, Cam LAR RB",$100 ,"Knights of ""Ni""",2022
"Allgeier, Tyler ATL RB",$20 ,The Lions’ Den,2022
"Barkley, Saquon NYG RB",$150 ,Appetite For Destruction,2022
"Bateman, Rashod BAL WR",$75 ,Get The Poison Out,2022
"Bears, Chicago CHI TMPK",$1 ,Bears Got Big Mack,2022
"Beckham, Odell FA* WR",$2 ,The Lions’ Den,2022
"Bengals, Cincinnati CIN TMPK",$13 ,Best Served Cold,2022
"Bills, Buffalo BUF Def",$30 ,Best Served Cold,2022
"Bills, Buffalo BUF TMPK",$1 ,Best Served Cold,2022
"Boyd, Tyler CIN WR",$20 ,Mean Monkeys with Hammers,2022
"Brady, Tom TBB QB",$180 ,Back in Black,2022
"Breida, Matt NYG RB",$1 ,Appetite For Destruction,2022
"Broncos, Denver DEN Def",$1 ,Back in Black,2022
"Buccaneers, Tampa Bay TBB Def",$10 ,Appetite For Destruction,2022
"Buccaneers, Tampa Bay TBB TMPK",$2 ,"Knights of ""Ni""",2022
"Burks, Treylon TEN WR",$20 ,Best Served Cold,2022
"Cardinals, Arizona ARI TMPK",$4 ,Get The Poison Out,2022
"Carter, Michael NYJ RB",$13 ,Back in Black,2022
"Chark, D.J. DET WR",$1 ,"Knights of ""Ni""",2022
"Chiefs, Kansas City KCC TMPK",$9 ,Appetite For Destruction,2022
"Claypool, Chase CHI WR",$14 ,"Knights of ""Ni""",2022
"Colts, Indianapolis IND Def",$10 ,Mile High,2022
"Cook, Dalvin MIN RB",$230 ,Best Served Cold,2022
"Cook, James BUF RB",$60 ,The Lions’ Den,2022
"Cooks, Brandin HOU WR",$85 ,Bears Got Big Mack,2022
"Cooper, Amari CLE WR",$40 ,Best Served Cold,2022
"Cousins, Kirk MIN QB",$125 ,Get The Poison Out,2022
"Davis, Gabriel BUF WR",$60 ,SHUT THE FUCK UP DONNIE!,2022
"Davis-Price, Tyrion SFO RB",$3 ,Back in Black,2022
"Dillon, AJ GBP RB",$60 ,Back in Black,2022
"Dobbins, J.K. BAL RB",$55 ,SHUT THE FUCK UP DONNIE!,2022
"Dolphins, Miami MIA Def",$1 ,Bears Got Big Mack,2022
"Dotson, Jahan WAS WR",$10 ,Get The Poison Out,2022
"Doubs, Romeo GBP WR",$12 ,Mile High,2022
"Drake, Kenyan BAL RB",$2 ,Bears Got Big Mack,2022
"Edwards-Helaire, Clyde KCC RB",$55 ,Get The Poison Out,2022
"Elliott, Ezekiel DAL RB",$75 ,Bears Got Big Mack,2022
"Engram, Evan JAC TE",$1 ,Back in Black,2022
"Ertz, Zach ARI TE",$14 ,Mile High,2022
"Etienne, Travis JAC RB",$105 ,Get The Poison Out,2022
"Evans, Mike TBB WR",$140 ,Mile High,2022
"Everett, Gerald LAC TE",$3 ,Best Served Cold,2022
"Fant, Noah SEA TE",$2 ,"Knights of ""Ni""",2022
"Fields, Justin CHI QB",$60 ,Mile High,2022
"Foreman, D'Onta CAR RB",$2 ,Back in Black,2022
"Freiermuth, Pat PIT TE",$20 ,Mile High,2022
"Gage, Russell TBB WR",$5 ,Bears Got Big Mack,2022
"Gainwell, Kenneth PHI RB",$11 ,The Lions’ Den,2022
"Gesicki, Mike MIA TE",$6 ,Bears Got Big Mack,2022
"Gibson, Antonio WAS RB",$40 ,"Knights of ""Ni""",2022
"Godwin, Chris TBB WR",$90 ,SHUT THE FUCK UP DONNIE!,2022
"Goedert, Dallas PHI TE",$50 ,Appetite For Destruction,2022
"Goff, Jared DET QB",$20 ,SHUT THE FUCK UP DONNIE!,2022
"Golladay, Kenny NYG WR",$1 ,"Knights of ""Ni""",2022
"Gordon, Melvin KCC RB",$20 ,Mile High,2022
"Hall, Breece NYJ RB",$75 ,Mean Monkeys with Hammers,2022
"Hardman, Mecole KCC WR",$3 ,Mean Monkeys with Hammers,2022
"Harris, Damien NEP RB",$20 ,The Lions’ Den,2022
"Haskins, Hassan TEN RB",$7 ,Mile High,2022
"Henderson, Darrell FA RB",$25 ,Bears Got Big Mack,2022
"Henry, Hunter NEP TE",$14 ,Mean Monkeys with Hammers,2022
"Herbert, Khalil CHI RB",$11 ,Bears Got Big Mack,2022
"Hill, Tyreek MIA WR",$125 ,Back in Black,2022
"Hines, Nyheim BUF RB",$20 ,Get The Poison Out,2022
"Hockenson, T.J. MIN TE",$45 ,Get The Poison Out,2022
"Hopkins, DeAndre ARI WR",$35 ,Appetite For Destruction,2022
"Hunt, Kareem CLE RB",$35 ,Back in Black,2022
"Hurst, Hayden CIN TE",$1 ,Back in Black,2022
"Jeudy, Jerry DEN WR",$55 ,Mile High,2022
"Johnson, Diontae PIT WR",$100 ,Bears Got Big Mack,2022
"Jones, Daniel NYG QB",$8 ,Bears Got Big Mack,2022
"Jones, Julio TBB WR",$2 ,Appetite For Destruction,2022
"Jones, Mac NEP QB",$20 ,Best Served Cold,2022
"Jones, Velus CHI WR",$11 ,Bears Got Big Mack,2022
"Kirk, Christian JAC WR",$55 ,The Lions’ Den,2022
"Kmet, Cole CHI TE",$25 ,Get The Poison Out,2022
"Knox, Dawson BUF TE",$20 ,Best Served Cold,2022
"Lamb, CeeDee DAL WR",$170 ,"Knights of ""Ni""",2022
"Landry, Jarvis NOS WR",$2 ,"Knights of ""Ni""",2022
"Lawrence, Trevor JAC QB",$75 ,SHUT THE FUCK UP DONNIE!,2022
"Lazard, Allen GBP WR",$55 ,Mean Monkeys with Hammers,2022
"Likely, Isaiah BAL TE",$5 ,Mile High,2022
"Lockett, Tyler SEA WR",$15 ,Bears Got Big Mack,2022
"London, Drake ATL WR",$50 ,Appetite For Destruction,2022
"Mahomes, Patrick KCC QB",$230 ,Mean Monkeys with Hammers,2022
"Mariota, Marcus ATL QB",$20 ,Mean Monkeys with Hammers,2022
"Mattison, Alexander MIN RB",$25 ,Best Served Cold,2022
"Mayfield, Baker LAR QB",$15 ,Get The Poison Out,2022
"McBride, Trey ARI TE",$4 ,The Lions’ Den,2022
"McKinnon, Jerick KCC RB",$11 ,Mean Monkeys with Hammers,2022
"McKissic, J.D. WAS RB",$2 ,Best Served Cold,2022
"McLaurin, Terry WAS WR",$80 ,Best Served Cold,2022
"Meyers, Jakobi NEP WR",$2 ,Mile High,2022
"Mills, Davis HOU QB",$25 ,SHUT THE FUCK UP DONNIE!,2022
"Mitchell, Elijah SFO RB",$90 ,Mean Monkeys with Hammers,2022
"Montgomery, David CHI RB",$85 ,Bears Got Big Mack,2022
"Moore, D.J. CAR WR",$115 ,Best Served Cold,2022
"Moore, Elijah NYJ WR",$80 ,SHUT THE FUCK UP DONNIE!,2022
"Moore, Rondale ARI WR",$2 ,"Knights of ""Ni""",2022
"Moore, Skyy KCC WR",$20 ,Get The Poison Out,2022
"Njoku, David CLE TE",$4 ,Appetite For Destruction,2022
"Olave, Chris NOS WR",$35 ,The Lions’ Den,2022
"Osborn, K.J. MIN WR",$1 ,Get The Poison Out,2022
"Pacheco, Isiah KCC RB",$20 ,The Lions’ Den,2022
"Packers, Green Bay GBP Def",$2 ,Bears Got Big Mack,2022
"Palmer, Josh LAC WR",$1 ,Back in Black,2022
"Parker, DeVante NEP WR",$2 ,"Knights of ""Ni""",2022
"Patriots, New England NEP Def",$1 ,Back in Black,2022
"Patterson, Cordarrelle ATL RB",$55 ,SHUT THE FUCK UP DONNIE!,2022
"Penny, Rashaad SEA RB",$25 ,SHUT THE FUCK UP DONNIE!,2022
"Perine, Samaje CIN RB",$1 ,Best Served Cold,2022
"Pickens, George PIT WR",$35 ,Appetite For Destruction,2022
"Pickett, Kenny PIT QB",$25 ,Mile High,2022
"Pierce, Dameon HOU RB",$75 ,The Lions’ Den,2022
"Raiders, Las Vegas LVR TMPK",$6 ,The Lions’ Den,2022
"Rams, Los Angeles LAR Def",$12 ,Get The Poison Out,2022
"Rams, Los Angeles LAR TMPK",$1 ,Back in Black,2022
"Ravens, Baltimore BAL Def",$5 ,Appetite For Destruction,2022
"Ravens, Baltimore BAL TMPK",$20 ,Mile High,2022
"Renfrow, Hunter LVR WR",$25 ,Bears Got Big Mack,2022
"Ridder, Desmond ATL QB",$20 ,The Lions’ Den,2022
"Robinson, Allen LAR WR",$75 ,Back in Black,2022
"Robinson, Brian WAS RB",$17 ,Mean Monkeys with Hammers,2022
"Robinson, James NYJ RB",$9 ,Appetite For Destruction,2022
"Rodgers, Aaron GBP QB",$125 ,Bears Got Big Mack,2022
"Ryan, Matt IND QB",$55 ,SHUT THE FUCK UP DONNIE!,2022
"Saints, New Orleans NOS Def",$13 ,The Lions’ Den,2022
"Sanders, Miles PHI RB",$45 ,"Knights of ""Ni""",2022
"Schultz, Dalton DAL TE",$55 ,SHUT THE FUCK UP DONNIE!,2022
"Shakir, Khalil BUF WR",$1 ,Mile High,2022
"Shepard, Sterling NYG WR",$1 ,Mean Monkeys with Hammers,2022
"Smith Jr., Irv MIN TE",$1 ,Back in Black,2022
"Smith, Geno SEA QB",$1 ,Best Served Cold,2022
"Smith-Schuster, JuJu KCC WR",$50 ,Appetite For Destruction,2022
"Spiller, Isaiah LAC RB",$1 ,Back in Black,2022
"St. Brown, Amon-Ra DET WR",$100 ,SHUT THE FUCK UP DONNIE!,2022
"Stafford, Matthew LAR QB",$140 ,Mile High,2022
"Steelers, Pittsburgh PIT Def",$11 ,"Knights of ""Ni""",2022
"Stevenson, Rhamondre NEP RB",$75 ,Get The Poison Out,2022
"Sutton, Courtland DEN WR",$105 ,SHUT THE FUCK UP DONNIE!,2022
"Tannehill, Ryan TEN QB",$35 ,Appetite For Destruction,2022
"Thielen, Adam MIN WR",$50 ,Appetite For Destruction,2022
"Tolbert, Jalen DAL WR",$12 ,The Lions’ Den,2022
"Toney, Kadarius KCC WR",$14 ,Bears Got Big Mack,2022
"Valdes-Scantling, Marquez KCC WR",$7 ,Best Served Cold,2022
"Walker III, Kenneth SEA RB",$40 ,Mile High,2022
"Waller, Darren LVR TE",$65 ,"Knights of ""Ni""",2022
"Watkins, Sammy BAL WR",$1 ,Mean Monkeys with Hammers,2022
"Wentz, Carson WAS QB",$30 ,Mean Monkeys with Hammers,2022
"White, Rachaad TBB RB",$30 ,Get The Poison Out,2022
"White, Zamir LVR RB",$12 ,Get The Poison Out,2022
"Williams, Darrel ARI RB",$7 ,Best Served Cold,2022
"Williams, Jameson DET WR",$20 ,Back in Black,2022
"Willis, Malik TEN QB",$25 ,The Lions’ Den,2022
"Wilson, Garrett NYJ WR",$14 ,Mile High,2022
"Wilson, Russell DEN QB",$170 ,"Knights of ""Ni""",2022
"Wilson, Zach NYJ QB",$25 ,"Knights of ""Ni""",2022
"Winston, Jameis NOS QB",$50 ,Appetite For Destruction,2022
"Woods, Robert TEN WR",$20 ,"Knights of ""Ni""",2022
"49ers, San Francisco SFO Def",$10 ,Mean Monkeys with Hammers,2021
"49ers, San Francisco SFO TMPK",$5 ,Get The Poison Out,2021
"Agholor, Nelson NEP WR",$1 ,SHUT THE FUCK UP DONNIE!,2021
"Anderson, Robby CAR WR",$40 ,Back in Black,2021
"Andrews, Mark BAL TE",$55 ,Eamus Catuli 005,2021
"Barkley, Saquon NYG RB",$160 ,Bears Got Big Mack,2021
"Bateman, Rashod BAL WR",$2 ,Eamus Catuli 005,2021
"Beckham, Odell LAR WR",$55 ,SHUT THE FUCK UP DONNIE!,2021
"Bernard, Giovani TBB RB",$1 ,"Knights of ""Ni""",2021
"Bills, Buffalo BUF Def",$15 ,Get The Poison Out,2021
"Bills, Buffalo BUF TMPK",$11 ,Mile High,2021
"Boyd, Tyler CIN WR",$40 ,"Knights of ""Ni""",2021
"Bridgewater, Teddy DEN QB",$10 ,Best Served Cold,2021
"Broncos, Denver DEN Def",$1 ,Back in Black,2021
"Brown, Antonio FA WR",$35 ,Eamus Catuli 005,2021
"Brown, Marquise BAL WR",$9 ,Appetite For Destruction,2021
"Browns, Cleveland CLE Def",$3 ,SHUT THE FUCK UP DONNIE!,2021
"Buccaneers, Tampa Bay TBB Def",$18 ,Mile High,2021
"Buccaneers, Tampa Bay TBB TMPK",$5 ,Best Served Cold,2021
"Callaway, Marquez NOS WR",$50 ,Mile High,2021
"Carr, Derek LVR QB",$45 ,Best Served Cold,2021
"Carter, Michael NYJ RB",$35 ,Eamus Catuli 005,2021
"Chark, D.J. JAC WR",$20 ,Mile High,2021
"Chase, Ja'Marr CIN WR",$55 ,SHUT THE FUCK UP DONNIE!,2021
"Chiefs, Kansas City KCC TMPK",$20 ,Mean Monkeys with Hammers,2021
"Collins, Nico HOU WR",$1 ,Back in Black,2021
"Colts, Indianapolis IND Def",$9 ,Get The Poison Out,2021
"Colts, Indianapolis IND TMPK",$5 ,Mile High,2021
"Conner, James ARI RB",$4 ,Best Served Cold,2021
"Cook, Dalvin MIN RB",$255 ,Back in Black,2021
"Cooper, Amari DAL WR",$70 ,Best Served Cold,2021
"Cowboys, Dallas DAL TMPK",$1 ,Back in Black,2021
"Crowder, Jamison NYJ WR",$4 ,Mile High,2021
"Dalton, Andy CHI QB",$20 ,Mile High,2021
"Darnold, Sam CAR QB",$25 ,"Knights of ""Ni""",2021
"Davis, Corey NYJ WR",$30 ,Eamus Catuli 005,2021
"Davis, Mike ATL RB",$35 ,"Knights of ""Ni""",2021
"Dillon, AJ GBP RB",$25 ,Get The Poison Out,2021
"Dobbins, J.K. BAL RB",$1 ,Get The Poison Out,2021
"Dolphins, Miami MIA Def",$20 ,Eamus Catuli 005,2021
"Dolphins, Miami MIA TMPK",$3 ,Appetite For Destruction,2021
"Drake, Kenyan LVR RB",$2 ,Bears Got Big Mack,2021
"Edmonds, Chase ARI RB",$25 ,Mean Monkeys with Hammers,2021
"Edwards, Bryan LVR WR",$8 ,Eamus Catuli 005,2021
"Edwards, Gus BAL RB",$55 ,Mile High,2021
"Edwards-Helaire, Clyde KCC RB",$125 ,"Knights of ""Ni""",2021
"Elliott, Ezekiel DAL RB",$200 ,Mean Monkeys with Hammers,2021
"Engram, Evan NYG TE",$8 ,Mean Monkeys with Hammers,2021
"Evans, Chris CIN RB",$1 ,Back in Black,2021
"Everett, Gerald SEA TE",$1 ,Back in Black,2021
"Falcons, Atlanta ATL TMPK",$10 ,"Knights of ""Ni""",2021
"Fant, Noah DEN TE",$25 ,SHUT THE FUCK UP DONNIE!,2021
"Fields, Justin CHI QB",$70 ,Mile High,2021
"Firkser, Anthony TEN TE",$5 ,Appetite For Destruction,2021
"Fitzpatrick, Ryan WAS QB",$80 ,Get The Poison Out,2021
"FootballTeam, Washington WAS Def",$20 ,Eamus Catuli 005,2021
"Fournette, Leonard TBB RB",$6 ,SHUT THE FUCK UP DONNIE!,2021
"Freiermuth, Pat PIT TE",$8 ,Mile High,2021
"Fuller, Will MIA WR",$4 ,"Knights of ""Ni""",2021
"Gage, Russell ATL WR",$1 ,SHUT THE FUCK UP DONNIE!,2021
"Gainwell, Kenneth PHI RB",$30 ,Eamus Catuli 005,2021
"Gallman, Wayne MIN RB",$1 ,Appetite For Destruction,2021
"Gallup, Michael DAL WR",$7 ,Back in Black,2021
"Garoppolo, Jimmy SFO QB",$25 ,Mean Monkeys with Hammers,2021
"Gaskin, Myles MIA RB",$70 ,Bears Got Big Mack,2021
"Gesicki, Mike MIA TE",$15 ,Eamus Catuli 005,2021
"Goedert, Dallas PHI TE",$15 ,Bears Got Big Mack,2021
"Gordon, Melvin DEN RB",$25 ,Back in Black,2021
"Gronkowski, Rob TBB TE",$8 ,Bears Got Big Mack,2021
"Hamler, KJ DEN WR",$1 ,Back in Black,2021
"Hardman, Mecole KCC WR",$8 ,Mean Monkeys with Hammers,2021
"Harris, Damien NEP RB",$45 ,SHUT THE FUCK UP DONNIE!,2021
"Harris, Najee PIT RB",$140 ,Appetite For Destruction,2021
"Higbee, Tyler LAR TE",$20 ,"Knights of ""Ni""",2021
"Higgins, Tee CIN WR",$65 ,SHUT THE FUCK UP DONNIE!,2021
"Hill, Taysom NOS QB",$1 ,Back in Black,2021
"Hines, Nyheim IND RB",$6 ,Back in Black,2021
"Hooper, Austin CLE TE",$3 ,"Knights of ""Ni""",2021
"Hubbard, Chuba CAR RB",$5 ,Eamus Catuli 005,2021
"Hunt, Kareem CLE RB",$50 ,Best Served Cold,2021
"Hurts, Jalen PHI QB",$85 ,Get The Poison Out,2021
"Ingram, Mark NOS RB",$3 ,"Knights of ""Ni""",2021
"Jackson, Justin LAC RB",$3 ,Appetite For Destruction,2021
"Jacobs, Josh LVR RB",$60 ,Bears Got Big Mack,2021
"Jeudy, Jerry DEN WR",$70 ,Mile High,2021
"Johnson, David HOU RB",$2 ,Bears Got Big Mack,2021
"Jones, Daniel NYG QB",$30 ,Bears Got Big Mack,2021
"Jones, Julio TEN WR",$70 ,"Knights of ""Ni""",2021
"Jones, Mac NEP QB",$50 ,Get The Poison Out,2021
"Jones, Marvin JAC WR",$7 ,Appetite For Destruction,2021
"Jones, Ronald TBB RB",$13 ,Bears Got Big Mack,2021
"Kmet, Cole CHI TE",$3 ,Best Served Cold,2021
"Kupp, Cooper LAR WR",$85 ,Appetite For Destruction,2021
"Lance, Trey SFO QB",$45 ,Eamus Catuli 005,2021
"Landry, Jarvis CLE WR",$20 ,Mean Monkeys with Hammers,2021
"Lawrence, Trevor JAC QB",$80 ,Appetite For Destruction,2021
"Lindsay, Phillip MIA RB",$1 ,"Knights of ""Ni""",2021
"Lockett, Tyler SEA WR",$85 ,Appetite For Destruction,2021
"Mack, Marlon IND RB",$1 ,"Knights of ""Ni""",2021
"Mahomes, Patrick KCC QB",$335 ,Back in Black,2021
"Marshall, Terrace CAR WR",$20 ,Eamus Catuli 005,2021
"Mattison, Alexander MIN RB",$14 ,SHUT THE FUCK UP DONNIE!,2021
"Mayfield, Baker CLE QB",$70 ,SHUT THE FUCK UP DONNIE!,2021
"McKissic, J.D. WAS RB",$13 ,SHUT THE FUCK UP DONNIE!,2021
"Meyers, Jakobi NEP WR",$20 ,Get The Poison Out,2021
"Michel, Sony LAR RB",$30 ,Get The Poison Out,2021
"Mills, Davis HOU QB",$1 ,Best Served Cold,2021
"Mixon, Joe CIN RB",$100 ,Best Served Cold,2021
"Montgomery, David CHI RB",$95 ,SHUT THE FUCK UP DONNIE!,2021
"Mooney, Darnell CHI WR",$6 ,Get The Poison Out,2021
"Moore, Elijah NYJ WR",$35 ,Get The Poison Out,2021
"Moore, Rondale ARI WR",$6 ,Mean Monkeys with Hammers,2021
"Moss, Zack BUF RB",$8 ,Mile High,2021
"Mostert, Raheem SFO RB",$25 ,Mean Monkeys with Hammers,2021
"Murray, Latavius BAL RB",$2 ,Best Served Cold,2021
"Panthers, Carolina CAR Def",$1 ,Appetite For Destruction,2021
"Parker, DeVante MIA WR",$4 ,Bears Got Big Mack,2021
"Patriots, New England NEP Def",$20 ,Appetite For Destruction,2021
"Peoples-Jones, Donovan CLE WR",$5 ,Mile High,2021
"Perine, Samaje CIN RB",$1 ,Best Served Cold,2021
"Pittman, Michael IND WR",$40 ,Mean Monkeys with Hammers,2021
"Pitts, Kyle ATL TE",$70 ,Bears Got Big Mack,2021
"Pollard, Tony DAL RB",$20 ,Mean Monkeys with Hammers,2021
"Rams, Los Angeles LAR Def",$25 ,Bears Got Big Mack,2021
"Rams, Los Angeles LAR TMPK",$1 ,SHUT THE FUCK UP DONNIE!,2021
"Ravens, Baltimore BAL Def",$10 ,"Knights of ""Ni""",2021
"Ravens, Baltimore BAL TMPK",$25 ,Eamus Catuli 005,2021
"Reagor, Jalen PHI WR",$3 ,Mean Monkeys with Hammers,2021
"Rodgers, Aaron GBP QB",$210 ,Best Served Cold,2021
"Roethlisberger, Ben PIT QB",$60 ,Appetite For Destruction,2021
"Ruggs, Henry FA WR",$5 ,Best Served Cold,2021
"Ryan, Matt ATL QB",$65 ,Mile High,2021
"Samuel, Curtis WAS WR",$12 ,Bears Got Big Mack,2021
"Samuel, Deebo SFO WR",$55 ,Get The Poison Out,2021
"Sanders, Emmanuel BUF WR",$2 ,"Knights of ""Ni""",2021
"Seahawks, Seattle SEA TMPK",$3 ,Bears Got Big Mack,2021
"Sermon, Trey SFO RB",$60 ,Get The Poison Out,2021
"Shenault, Laviska JAC WR",$25 ,Appetite For Destruction,2021
"Shepard, Sterling NYG WR",$1 ,"Knights of ""Ni""",2021
"Singletary, Devin BUF RB",$6 ,Mile High,2021
"Smith, DeVonta PHI WR",$25 ,Get The Poison Out,2021
"Smith, Jonnu NEP TE",$15 ,Get The Poison Out,2021
"Smith-Schuster, JuJu PIT WR",$50 ,Bears Got Big Mack,2021
"St. Brown, Amon-Ra DET WR",$8 ,Eamus Catuli 005,2021
"Stafford, Matthew LAR QB",$130 ,Eamus Catuli 005,2021
"Steelers, Pittsburgh PIT Def",$11 ,Best Served Cold,2021
"Stevenson, Rhamondre NEP RB",$10 ,Best Served Cold,2021
"Sutton, Courtland DEN WR",$70 ,Mean Monkeys with Hammers,2021
"Swift, D'Andre DET RB",$65 ,Appetite For Destruction,2021
"Tagovailoa, Tua MIA QB",$25 ,SHUT THE FUCK UP DONNIE!,2021
"Taylor, Tyrod HOU QB",$1 ,Bears Got Big Mack,2021
"Thielen, Adam MIN WR",$80 ,Bears Got Big Mack,2021
"Thomas, Logan WAS TE",$25 ,Get The Poison Out,2021
"Toney, Kadarius NYG WR",$1 ,Back in Black,2021
"Tonyan, Robert GBP TE",$7 ,Back in Black,2021
"Trautman, Adam NOS TE",$4 ,SHUT THE FUCK UP DONNIE!,2021
"Valdes-Scantling, Marquez GBP WR",$2 ,Best Served Cold,2021
"Vikings, Minnesota MIN Def",$1 ,Back in Black,2021
"Waddle, Jaylen MIA WR",$35 ,Eamus Catuli 005,2021
"Waller, Darren LVR TE",$140 ,Best Served Cold,2021
"Watson, Deshaun HOU QB",$7 ,Appetite For Destruction,2021
"Wentz, Carson IND QB",$40 ,Mean Monkeys with Hammers,2021
"White, James NEP RB",$10 ,Mean Monkeys with Hammers,2021
"Williams, Darrel KCC RB",$20 ,Appetite For Destruction,2021
"Williams, Jamaal DET RB",$40 ,Get The Poison Out,2021
"Williams, Javonte DEN RB",$95 ,Mile High,2021
"Williams, Mike LAC WR",$8 ,Mile High,2021
"Williams, Ty'Son BAL RB",$1 ,Back in Black,2021
"Williams, Tyrell FA WR",$4 ,SHUT THE FUCK UP DONNIE!,2021
"Wilson, Zach NYJ QB",$60 ,Mean Monkeys with Hammers,2021
"Winston, Jameis NOS QB",$25 ,Mean Monkeys with Hammers,2021
"Woods, Robert LAR WR",$130 ,"Knights of ""Ni""",2021
"49ers, San Francisco SFO Def",$16 ,Bears Got Big Mack,2020
"49ers, San Francisco SFO TMPK",$6 ,Mean Monkeys with Hammers,2020
"Aiyuk, Brandon SFO WR",$1 ,Best Served Cold,2020
"Akers, Cam LAR RB",$80 ,Mile High,2020
"Allen, Keenan LAC WR",$80 ,"Knights of ""Ni""",2020
"Armstead, Ryquell JAC RB",$11 ,"Knights of ""Ni""",2020
"Arnold, Dan ARI TE",$8 ,Mile High,2020
"Barkley, Saquon NYG RB",$300 ,Back in Black,2020
"Bears, Chicago CHI Def",$7 ,Eamus Catuli 000,2020
"Beckham, Odell CLE WR",$120 ,Best Served Cold,2020
"Bell, Le'Veon KCC RB",$60 ,Best Served Cold,2020
"Bills, Buffalo BUF Def",$15 ,Appetite for Destruction,2020
"Boyd, Tyler CIN WR",$60 ,SHUT THE FUCK UP DONNIE!,2020
"Brady, Tom TBB QB",$145 ,Best Served Cold,2020
"Breida, Matt MIA RB",$5 ,SHUT THE FUCK UP DONNIE!,2020
"Bridgewater, Teddy CAR QB",$20 ,Bears Got Big Mack,2020
"Broncos, Denver DEN Def",$1 ,Back in Black,2020
"Buccaneers, Tampa Bay TBB Def",$3 ,Get The Poison Out,2020
"Burrow, Joe CIN QB",$80 ,Appetite for Destruction,2020
"Campbell, Parris IND WR",$2 ,Best Served Cold,2020
"Cardinals, Arizona ARI TMPK",$1 ,Back in Black,2020
"Carr, Derek LVR QB",$30 ,Get The Poison Out,2020
"Chargers, Los Angeles LAC Def",$3 ,Appetite for Destruction,2020
"Chark, D.J. JAC WR",$85 ,Mean Monkeys with Hammers,2020
"Chiefs, Kansas City KCC Def",$6 ,SHUT THE FUCK UP DONNIE!,2020
"Chiefs, Kansas City KCC TMPK",$12 ,Get The Poison Out,2020
"Claypool, Chase PIT WR",$1 ,Back in Black,2020
"Cohen, Tarik CHI RB",$25 ,Best Served Cold,2020
"Colts, Indianapolis IND Def",$1 ,Appetite for Destruction,2020
"Cook, Dalvin MIN RB",$220 ,Bears Got Big Mack,2020
"Cook, Jared NOS TE",$3 ,SHUT THE FUCK UP DONNIE!,2020
"Cooks, Brandin HOU WR",$60 ,Mean Monkeys with Hammers,2020
"Cooper, Amari DAL WR",$130 ,Bears Got Big Mack,2020
"Cousins, Kirk MIN QB",$40 ,SHUT THE FUCK UP DONNIE!,2020
"Cowboys, Dallas DAL Def",$2 ,SHUT THE FUCK UP DONNIE!,2020
"Cowboys, Dallas DAL TMPK",$12 ,"Knights of ""Ni""",2020
"Crowder, Jamison NYJ WR",$40 ,Mile High,2020
"Dallas, DeeJay SEA RB",$1 ,Back in Black,2020
"Darnold, Sam NYJ QB",$20 ,Mean Monkeys with Hammers,2020
"Diggs, Stefon BUF WR",$70 ,Appetite for Destruction,2020
"Dillon, AJ GBP RB",$20 ,Eamus Catuli 000,2020
"Dobbins, J.K. BAL RB",$55 ,Back in Black,2020
"Doyle, Jack IND TE",$2 ,Best Served Cold,2020
"Drake, Kenyan ARI RB",$190 ,Get The Poison Out,2020
"Ebron, Eric PIT TE",$1 ,Appetite for Destruction,2020
"Edelman, Julian NEP WR",$35 ,Bears Got Big Mack,2020
"Edmonds, Chase ARI RB",$20 ,Get The Poison Out,2020
"Edwards, Bryan LVR WR",$2 ,Best Served Cold,2020
"Edwards-Helaire, Clyde KCC RB",$230 ,SHUT THE FUCK UP DONNIE!,2020
"Engram, Evan NYG TE",$20 ,Best Served Cold,2020
"Ertz, Zach PHI TE",$70 ,Mile High,2020
"Falcons, Atlanta ATL TMPK",$1 ,Appetite for Destruction,2020
"Fant, Noah DEN TE",$7 ,Mean Monkeys with Hammers,2020
"Fitzpatrick, Ryan MIA QB",$4 ,Eamus Catuli 000,2020
"Foles, Nick CHI QB",$1 ,Appetite for Destruction,2020
"Fournette, Leonard TBB RB",$70 ,Bears Got Big Mack,2020
"Fuller, Will HOU WR",$60 ,Bears Got Big Mack,2020
"Garoppolo, Jimmy SFO QB",$50 ,Appetite for Destruction,2020
"Gesicki, Mike MIA TE",$13 ,Eamus Catuli 000,2020
"Gibson, Antonio WAS RB",$45 ,SHUT THE FUCK UP DONNIE!,2020
"Goedert, Dallas PHI TE",$6 ,Bears Got Big Mack,2020
"Gordon, Melvin DEN RB",$65 ,Bears Got Big Mack,2020
"Gore, Frank NYJ RB",$1 ,Best Served Cold,2020
"Green, A.J. CIN WR",$45 ,"Knights of ""Ni""",2020
"Gronkowski, Rob TBB TE",$20 ,Bears Got Big Mack,2020
"Gurley, Todd ATL RB",$100 ,Appetite for Destruction,2020
"Hardman, Mecole KCC WR",$25 ,Eamus Catuli 000,2020
"Harris, Damien NEP RB",$3 ,Appetite for Destruction,2020
"Harry, N'Keal NEP WR",$4 ,Bears Got Big Mack,2020
"Haskins, Dwayne PIT QB",$10 ,Eamus Catuli 000,2020
"Henderson, Darrell LAR RB",$2 ,Mile High,2020
"Henry, Hunter LAC TE",$7 ,SHUT THE FUCK UP DONNIE!,2020
"Herbert, Justin LAC QB",$8 ,Mile High,2020
"Herndon, Chris NYJ TE",$8 ,Get The Poison Out,2020
"Higbee, Tyler LAR TE",$7 ,"Knights of ""Ni""",2020
"Higgins, Tee CIN WR",$1 ,Back in Black,2020
"Hilton, T.Y. IND WR",$70 ,"Knights of ""Ni""",2020
"Hines, Nyheim IND RB",$1 ,Best Served Cold,2020
"Hockenson, T.J. DET TE",$7 ,Mean Monkeys with Hammers,2020
"Howard, Jordan PHI RB",$11 ,"Knights of ""Ni""",2020
"Howard, O.J. TBB TE",$2 ,Back in Black,2020
"Hunt, Kareem CLE RB",$60 ,"Knights of ""Ni""",2020
"Hurst, Hayden ATL TE",$18 ,Get The Poison Out,2020
"Hurts, Jalen PHI QB",$1 ,Best Served Cold,2020
"Ingram, Mark FA RB",$40 ,Appetite for Destruction,2020
"Jackson, DeSean PHI WR",$1 ,"Knights of ""Ni""",2020
"Jackson, Justin LAC RB",$1 ,Mean Monkeys with Hammers,2020
"Jarwin, Blake DAL TE",$7 ,"Knights of ""Ni""",2020
"Jefferson, Justin MIN WR",$20 ,Mile High,2020
"Jefferson, Van LAR WR",$10 ,Mile High,2020
"Jeffery, Alshon PHI WR",$2 ,"Knights of ""Ni""",2020
"Jeudy, Jerry DEN WR",$30 ,Mile High,2020
"Johnson, David HOU RB",$85 ,Mean Monkeys with Hammers,2020
"Johnson, Diontae PIT WR",$45 ,Get The Poison Out,2020
"Johnson, Duke HOU RB",$4 ,Mean Monkeys with Hammers,2020
"Johnson, Kerryon DET RB",$30 ,Mile High,2020
"Jones, Julio ATL WR",$225 ,Best Served Cold,2020
"Jones, Marvin DET WR",$30 ,Eamus Catuli 000,2020
"Jones, Ronald TBB RB",$10 ,Bears Got Big Mack,2020
"Kelley, Joshua LAC RB",$7 ,Get The Poison Out,2020
"Kirk, Christian ARI WR",$15 ,Bears Got Big Mack,2020
"Lamb, CeeDee DAL WR",$40 ,Bears Got Big Mack,2020
"Lazard, Allen GBP WR",$1 ,Mean Monkeys with Hammers,2020
"Lindsay, Phillip DEN RB",$13 ,SHUT THE FUCK UP DONNIE!,2020
"Lock, Drew DEN QB",$35 ,Mile High,2020
"Lockett, Tyler SEA WR",$100 ,Appetite for Destruction,2020
"Love, Bryce WAS RB",$20 ,Mean Monkeys with Hammers,2020
"Mack, Marlon IND RB",$18 ,Get The Poison Out,2020
"Mahomes, Patrick KCC QB",$340 ,Eamus Catuli 000,2020
"Mattison, Alexander MIN RB",$9 ,Eamus Catuli 000,2020
"McKinnon, Jerick SFO RB",$25 ,Get The Poison Out,2020
"McLaurin, Terry WAS WR",$90 ,SHUT THE FUCK UP DONNIE!,2020
"Michel, Sony NEP RB",$2 ,SHUT THE FUCK UP DONNIE!,2020
"Miller, Anthony CHI WR",$6 ,Bears Got Big Mack,2020
"Mims, Denzel NYJ WR",$1 ,Back in Black,2020
"Minshew, Gardner JAC QB",$25 ,Get The Poison Out,2020
"Mixon, Joe CIN RB",$200 ,Mean Monkeys with Hammers,2020
"Montgomery, David CHI RB",$50 ,Mile High,2020
"Moss, Zack BUF RB",$95 ,Eamus Catuli 000,2020
"Mostert, Raheem SFO RB",$55 ,SHUT THE FUCK UP DONNIE!,2020
"Murray, Latavius NOS RB",$11 ,Back in Black,2020
"Newton, Cam NEP QB",$60 ,Eamus Catuli 000,2020
"Parker, DeVante MIA WR",$50 ,Back in Black,2020
"Patriots, New England NEP Def",$10 ,Mile High,2020
"Patriots, New England NEP TMPK",$1 ,SHUT THE FUCK UP DONNIE!,2020
"Perriman, Breshad NYJ WR",$1 ,Best Served Cold,2020
"Pittman, Michael IND WR",$5 ,"Knights of ""Ni""",2020
"Pollard, Tony DAL RB",$12 ,"Knights of ""Ni""",2020
"Rams, Los Angeles LAR Def",$2 ,Back in Black,2020
"Ravens, Baltimore BAL Def",$25 ,"Knights of ""Ni""",2020
"Ravens, Baltimore BAL TMPK",$16 ,Mile High,2020
"Reagor, Jalen PHI WR",$2 ,Mean Monkeys with Hammers,2020
"Rivers, Philip FA QB",$40 ,Back in Black,2020
"Rodgers, Aaron GBP QB",$135 ,Mile High,2020
"Roethlisberger, Ben PIT QB",$115 ,"Knights of ""Ni""",2020
"Ruggs, Henry LVR WR",$16 ,Eamus Catuli 000,2020
"Saints, New Orleans NOS Def",$6 ,Eamus Catuli 000,2020
"Saints, New Orleans NOS TMPK",$6 ,Bears Got Big Mack,2020
"Samuel, Curtis CAR WR",$5 ,"Knights of ""Ni""",2020
"Sanders, Emmanuel NOS WR",$15 ,Eamus Catuli 000,2020
"Scott, Boston PHI RB",$7 ,Appetite for Destruction,2020
"Seahawks, Seattle SEA TMPK",$1 ,Best Served Cold,2020
"Shenault, Laviska JAC WR",$6 ,Eamus Catuli 000,2020
"Shepard, Sterling NYG WR",$30 ,Mean Monkeys with Hammers,2020
"Slayton, Darius NYG WR",$25 ,Appetite for Destruction,2020
"Smith, Jonnu TEN TE",$9 ,Get The Poison Out,2020
"Smith-Schuster, JuJu PIT WR",$85 ,Appetite for Destruction,2020
"Snell, Benny PIT RB",$1 ,Back in Black,2020
"Steelers, Pittsburgh PIT Def",$20 ,Get The Poison Out,2020
"Sutton, Courtland DEN WR",$100 ,Back in Black,2020
"Swift, D'Andre DET RB",$55 ,Mile High,2020
"Tagovailoa, Tua MIA QB",$25 ,Mean Monkeys with Hammers,2020
"Tannehill, Ryan TEN QB",$50 ,Back in Black,2020
"Tate, Golden NYG WR",$8 ,Mile High,2020
"Taylor, Jonathan IND RB",$95 ,Get The Poison Out,2020
"Taylor, Tyrod LAC QB",$1 ,SHUT THE FUCK UP DONNIE!,2020
"Texans, Houston HOU TMPK",$4 ,Eamus Catuli 000,2020
"Thielen, Adam MIN WR",$135 ,SHUT THE FUCK UP DONNIE!,2020
"Thomas, Ian CAR TE",$1 ,Appetite for Destruction,2020
"Thompson, Chris JAC RB",$3 ,Eamus Catuli 000,2020
"Titans, Tennessee TEN Def",$1 ,Best Served Cold,2020
"Trubisky, Mitchell CHI QB",$7 ,Bears Got Big Mack,2020
"Vikings, Minnesota MIN Def",$10 ,Mean Monkeys with Hammers,2020
"Vikings, Minnesota MIN TMPK",$3 ,SHUT THE FUCK UP DONNIE!,2020
"Watkins, Sammy KCC WR",$2 ,Mean Monkeys with Hammers,2020
"Wentz, Carson PHI QB",$90 ,"Knights of ""Ni""",2020
"White, James NEP RB",$25 ,Best Served Cold,2020
"Williams, Darrel KCC RB",$1 ,Back in Black,2020
"Williams, Preston MIA WR",$30 ,Get The Poison Out,2020
"Woods, Robert LAR WR",$125 ,Get The Poison Out,2020
"49ers, San Francisco SFO Def",$1 ,Mean Monkeys with Hammers,2019
"49ers, San Francisco SFO TMPK",$2 ,Mean Monkeys with Hammers,2019
"Allen, Josh BUF QB",$40 ,Bears Got Big Mack,2019
"Allison, Geronimo GBP WR",$11 ,SHUT THE FUCK UP DONNIE!,2019
"Anderson, Robby NYJ WR",$50 ,Best Served Cold,2019
"Arcega-Whiteside, JJ PHI WR",$20 ,Eamus Catuli 000,2019
"Ballage, Kalen MIA RB",$6 ,Mean Monkeys with Hammers,2019
"Barber, Peyton TBB RB",$7 ,"Knights of ""Ni""",2019
"Barkley, Saquon NYG RB",$305 ,"Knights of ""Ni""",2019
"Bears, Chicago CHI Def",$35 ,Bears Got Big Mack,2019
"Bears, Chicago CHI TMPK",$1 ,Bears Got Big Mack,2019
"Beckham, Odell CLE WR",$240 ,Appetite for Destruction,2019
"Bernard, Giovani CIN RB",$4 ,Appetite for Destruction,2019
"Boyd, Tyler CIN WR",$115 ,Best Served Cold,2019
"Boykin, Miles BAL WR",$3 ,Mean Monkeys with Hammers,2019
"Brady, Tom NEP QB",$125 ,Mean Monkeys with Hammers,2019
"Brees, Drew NOS QB",$145 ,Best Served Cold,2019
"Breida, Matt SFO RB",$30 ,Mean Monkeys with Hammers,2019
"Brissett, Jacoby IND QB",$25 ,Mean Monkeys with Hammers,2019
"Broncos, Denver DEN Def",$5 ,Best Served Cold,2019
"Brown, A.J. TEN WR",$1 ,Back in Black,2019
"Brown, John BUF WR",$11 ,"Knights of ""Ni""",2019
"Brown, Marquise BAL WR",$4 ,Mile High,2019
"Browns, Cleveland CLE Def",$5 ,Eamus Catuli 000,2019
"Burkhead, Rex NEP RB",$1 ,Appetite for Destruction,2019
"Burton, Trey CHI TE",$6 ,Mile High,2019
"Campbell, Parris IND WR",$1 ,Mile High,2019
"Carr, Derek OAK QB",$25 ,Appetite for Destruction,2019
"Chargers, Los Angeles LAC Def",$6 ,Bears Got Big Mack,2019
"Chargers, Los Angeles LAC TMPK",$1 ,Best Served Cold,2019
"Chiefs, Kansas City KCC TMPK",$10 ,Get The Poison Out,2019
"Cohen, Tarik CHI RB",$40 ,Back in Black,2019
"Coleman, Tevin SFO RB",$70 ,Appetite for Destruction,2019
"Colts, Indianapolis IND Def",$1 ,Mean Monkeys with Hammers,2019
"Cook, Dalvin MIN RB",$215 ,Get The Poison Out,2019
"Cook, Jared NOS TE",$35 ,SHUT THE FUCK UP DONNIE!,2019
"Cooks, Brandin LAR WR",$115 ,SHUT THE FUCK UP DONNIE!,2019
"Cooper, Amari DAL WR",$140 ,Best Served Cold,2019
"Cousins, Kirk MIN QB",$115 ,Mile High,2019
"Coutee, Keke HOU WR",$9 ,Mean Monkeys with Hammers,2019
"Cowboys, Dallas DAL Def",$1 ,Get The Poison Out,2019
"Crowder, Jamison NYJ WR",$14 ,Get The Poison Out,2019
"Dalton, Andy CIN QB",$11 ,Mile High,2019
"Darnold, Sam NYJ QB",$45 ,Get The Poison Out,2019
"Davis, Corey TEN WR",$14 ,Mile High,2019
"Davis, Mike CAR RB",$1 ,Appetite for Destruction,2019
"Dobbs, Joshua JAC QB",$1 ,Best Served Cold,2019
"Doyle, Jack IND TE",$3 ,Mean Monkeys with Hammers,2019
"Drake, Kenyan ARI RB",$35 ,"Knights of ""Ni""",2019
"Eagles, Philadelphia PHI Def",$2 ,Appetite for Destruction,2019
"Eagles, Philadelphia PHI TMPK",$2 ,Back in Black,2019
"Ebron, Eric IND TE",$20 ,Mile High,2019
"Edelman, Julian NEP WR",$125 ,Mean Monkeys with Hammers,2019
"Eifert, Tyler CIN TE",$1 ,SHUT THE FUCK UP DONNIE!,2019
"Ekeler, Austin LAC RB",$35 ,Bears Got Big Mack,2019
"Elliott, Ezekiel DAL RB",$170 ,Mile High,2019
"Falcons, Atlanta ATL TMPK",$1 ,SHUT THE FUCK UP DONNIE!,2019
"Fant, Noah DEN TE",$3 ,Mile High,2019
"Fitzgerald, Larry ARI WR",$35 ,Mean Monkeys with Hammers,2019
"Flacco, Joe DEN QB",$4 ,Mile High,2019
"Foles, Nick JAC QB",$25 ,Appetite for Destruction,2019
"Fournette, Leonard JAC RB",$160 ,Appetite for Destruction,2019
"Freeman, Devonta ATL RB",$125 ,SHUT THE FUCK UP DONNIE!,2019
"Freeman, Royce DEN RB",$12 ,SHUT THE FUCK UP DONNIE!,2019
"Fuller, Will HOU WR",$35 ,Back in Black,2019
"Gallup, Michael DAL WR",$10 ,Mean Monkeys with Hammers,2019
"Garoppolo, Jimmy SFO QB",$55 ,Bears Got Big Mack,2019
"Ginn Jr., Ted NOS WR",$1 ,Bears Got Big Mack,2019
"Goodwin, Marquise SFO WR",$1 ,"Knights of ""Ni""",2019
"Gordon, Josh SEA WR",$55 ,Eamus Catuli 000,2019
"Gordon, Melvin LAC RB",$70 ,Bears Got Big Mack,2019
"Green, A.J. CIN WR",$70 ,Mile High,2019
"Harris, Damien NEP RB",$20 ,Mile High,2019
"Harry, N'Keal NEP WR",$16 ,Mile High,2019
"Haskins, Dwayne WAS QB",$18 ,Eamus Catuli 000,2019
"Henderson, Darrell LAR RB",$25 ,Back in Black,2019
"Henry, Derrick TEN RB",$75 ,Best Served Cold,2019
"Henry, Hunter LAC TE",$40 ,Get The Poison Out,2019
"Herndon, Chris NYJ TE",$1 ,Get The Poison Out,2019
"Hill, Justice BAL RB",$35 ,Get The Poison Out,2019
"Hill, Taysom NOS QB",$1 ,Best Served Cold,2019
"Hilton, T.Y. IND WR",$95 ,Bears Got Big Mack,2019
"Hockenson, T.J. DET TE",$14 ,Eamus Catuli 000,2019
"Hooper, Austin ATL TE",$2 ,"Knights of ""Ni""",2019
"Howard, Jordan PHI RB",$16 ,"Knights of ""Ni""",2019
"Hunt, Kareem CLE RB",$30 ,Back in Black,2019
"Hyde, Carlos HOU RB",$2 ,SHUT THE FUCK UP DONNIE!,2019
"Ingram, Mark BAL RB",$80 ,Get The Poison Out,2019
"Jackson, DeSean PHI WR",$8 ,Back in Black,2019
"Jackson, Justin LAC RB",$4 ,Best Served Cold,2019
"Jackson, Lamar BAL QB",$80 ,SHUT THE FUCK UP DONNIE!,2019
"Jacobs, Josh OAK RB",$95 ,Eamus Catuli 000,2019
"Johnson, Duke HOU RB",$18 ,Mean Monkeys with Hammers,2019
"Jones, Daniel NYG QB",$25 ,Eamus Catuli 000,2019
"Jones, Marvin DET WR",$17 ,Back in Black,2019
"Jones, Ronald TBB RB",$2 ,"Knights of ""Ni""",2019
"Jones, Zay OAK WR",$1 ,SHUT THE FUCK UP DONNIE!,2019
"Kirk, Christian ARI WR",$50 ,Best Served Cold,2019
"Kupp, Cooper LAR WR",$100 ,Appetite for Destruction,2019
"Lewis, Dion TEN RB",$4 ,Best Served Cold,2019
"Lindsay, Phillip DEN RB",$50 ,Bears Got Big Mack,2019
"Mack, Marlon IND RB",$75 ,Bears Got Big Mack,2019
"Mahomes, Patrick KCC QB",$315 ,Eamus Catuli 000,2019
"Mariota, Marcus TEN QB",$13 ,SHUT THE FUCK UP DONNIE!,2019
"Mattison, Alexander MIN RB",$11 ,Mile High,2019
"McCoy, LeSean KCC RB",$7 ,Eamus Catuli 000,2019
"McDonald, Vance PIT TE",$25 ,"Knights of ""Ni""",2019
"Metcalf, DK SEA WR",$15 ,Eamus Catuli 000,2019
"Meyers, Jakobi NEP WR",$1 ,Appetite for Destruction,2019
"Miller, Anthony CHI WR",$3 ,Appetite for Destruction,2019
"Moncrief, Donte FA WR",$8 ,Get The Poison Out,2019
"Montgomery, David CHI RB",$95 ,Back in Black,2019
"Montgomery, Ty NYJ RB",$1 ,Get The Poison Out,2019
"Murray, Kyler ARI QB",$80 ,Bears Got Big Mack,2019
"Murray, Latavius NOS RB",$20 ,Mean Monkeys with Hammers,2019
"Newton, Cam CAR QB",$105 ,"Knights of ""Ni""",2019
"Njoku, David CLE TE",$15 ,Bears Got Big Mack,2019
"Olsen, Greg CAR TE",$1 ,Appetite for Destruction,2019
"Patriots, New England NEP Def",$4 ,Back in Black,2019
"Patriots, New England NEP TMPK",$6 ,"Knights of ""Ni""",2019
"Penny, Rashaad SEA RB",$25 ,"Knights of ""Ni""",2019
"Peterson, Adrian WAS RB",$3 ,Best Served Cold,2019
"Pettis, Dante SFO WR",$30 ,Bears Got Big Mack,2019
"Pollard, Tony DAL RB",$25 ,Eamus Catuli 000,2019
"Prescott, Dak DAL QB",$75 ,Get The Poison Out,2019
"Rams, Los Angeles LAR Def",$20 ,Get The Poison Out,2019
"Rams, Los Angeles LAR TMPK",$10 ,Mile High,2019
"Ravens, Baltimore BAL Def",$12 ,Eamus Catuli 000,2019
"Ravens, Baltimore BAL TMPK",$11 ,Eamus Catuli 000,2019
"Reed, Jordan WAS TE",$1 ,SHUT THE FUCK UP DONNIE!,2019
"Richard, Jalen OAK RB",$1 ,Best Served Cold,2019
"Richardson, Paul WAS WR",$3 ,"Knights of ""Ni""",2019
"Rivers, Philip LAC QB",$90 ,Back in Black,2019
"Rodgers, Aaron GBP QB",$180 ,Mile High,2019
"Rosen, Josh MIA QB",$3 ,Best Served Cold,2019
"Rudolph, Kyle MIN TE",$1 ,Best Served Cold,2019
"Saints, New Orleans NOS TMPK",$5 ,Back in Black,2019
"Samuel, Curtis CAR WR",$55 ,Back in Black,2019
"Samuel, Deebo SFO WR",$3 ,Get The Poison Out,2019
"Samuels, Jaylen PIT RB",$20 ,Eamus Catuli 000,2019
"Sanders, Emmanuel SFO WR",$50 ,Mean Monkeys with Hammers,2019
"Sanders, Miles PHI RB",$35 ,Back in Black,2019
"Seahawks, Seattle SEA Def",$3 ,Appetite for Destruction,2019
"Seahawks, Seattle SEA TMPK",$1 ,SHUT THE FUCK UP DONNIE!,2019
"Shepard, Sterling NYG WR",$45 ,Best Served Cold,2019
"Singletary, Devin BUF RB",$55 ,Get The Poison Out,2019
"Smith, Ito ATL RB",$4 ,SHUT THE FUCK UP DONNIE!,2019
"Smith, Tre'Quan NOS WR",$5 ,Eamus Catuli 000,2019
"Stafford, Matthew DET QB",$40 ,SHUT THE FUCK UP DONNIE!,2019
"Stills, Kenny HOU WR",$2 ,"Knights of ""Ni""",2019
"Tate, Golden NYG WR",$11 ,"Knights of ""Ni""",2019
"Texans, Houston HOU Def",$1 ,SHUT THE FUCK UP DONNIE!,2019
"Texans, Houston HOU TMPK",$1 ,Appetite for Destruction,2019
"Thompson, Chris WAS RB",$1 ,Appetite for Destruction,2019
"Thompson, Darwin KCC RB",$35 ,Back in Black,2019
"Valdes-Scantling, Marquez GBP WR",$17 ,Eamus Catuli 000,2019
"Vikings, Minnesota MIN Def",$11 ,Mile High,2019
"Walker, Delanie TEN TE",$7 ,Mean Monkeys with Hammers,2019
"Waller, Darren OAK TE",$1 ,Eamus Catuli 000,2019
"Washington, James PIT WR",$12 ,Appetite for Destruction,2019
"Watkins, Sammy KCC WR",$35 ,Bears Got Big Mack,2019
"Westbrook, Dede JAC WR",$55 ,Get The Poison Out,2019
"Williams, Damien KCC RB",$185 ,SHUT THE FUCK UP DONNIE!,2019
"Williams, Tyrell OAK WR",$2 ,Back in Black,2019
"Wilson, Russell SEA QB",$115 ,Back in Black,2019
"Winston, Jameis TBB QB",$105 ,"Knights of ""Ni""",2019
"49ers, San Francisco SFO TMPK",$9 ,Mean Monkeys with Hammers,2018
"Agholor, Nelson PHI WR",$35 ,Eamus Catuli 000,2018
"Allen, Josh BUF QB",$1 ,"Knights of ""Ni""",2018
"Allison, Geronimo GBP WR",$1 ,Bears Got Big Mack,2018
"Anderson, C.J. LAR RB",$7 ,Appetite for Destruction,2018
"Anderson, Robby NYJ WR",$30 ,Eamus Catuli 000,2018
"Barber, Peyton TBB RB",$45 ,Get The Poison Out,2018
"Barkley, Saquon NYG RB",$195 ,Eamus Catuli 000,2018
"Bears, Chicago CHI Def",$1 ,Bears Got Big Mack,2018
"Beckham, Odell NYG WR",$210 ,Mean Monkeys with Hammers,2018
"Benjamin, Kelvin KCC WR",$20 ,Eamus Catuli 000,2018
"Bernard, Giovani CIN RB",$7 ,SHUT THE FUCK UP DONNIE!,2018
"Blount, LeGarrette DET RB",$2 ,Bears Got Big Mack,2018
"Booker, Devontae DEN RB",$1 ,DoneDirtCheap,2018
"Bortles, Blake JAC QB",$20 ,Mile High,2018
"Bradford, Sam FA QB",$20 ,Mean Monkeys with Hammers,2018
"Brady, Tom NEP QB",$215 ,SHUT THE FUCK UP DONNIE!,2018
"Brees, Drew NOS QB",$230 ,Bears Got Big Mack,2018
"Breida, Matt SFO RB",$15 ,DoneDirtCheap,2018
"Broncos, Denver DEN Def",$5 ,DoneDirtCheap,2018
"Brown, John BAL WR",$1 ,SHUT THE FUCK UP DONNIE!,2018
"Bryant, Martavis OAK WR",$1 ,Appetite for Destruction,2018
"Burkhead, Rex NEP RB",$60 ,Best Served Cold,2018
"Burton, Trey CHI TE",$35 ,Get The Poison Out,2018
"Carson, Chris SEA RB",$45 ,Mile High,2018
"Chargers, Los Angeles LAC Def",$9 ,Mile High,2018
"Chubb, Nick CLE RB",$17 ,Get The Poison Out,2018
"Clay, Charles BUF TE",$1 ,Best Served Cold,2018
"Clement, Corey PHI RB",$25 ,Get The Poison Out,2018
"Cobb, Randall GBP WR",$7 ,Eamus Catuli 000,2018
"Cohen, Tarik CHI RB",$45 ,Get The Poison Out,2018
"Cole, Keelan JAC WR",$20 ,Best Served Cold,2018
"Coleman, Tevin ATL RB",$35 ,Best Served Cold,2018
"Collins, Alex BAL RB",$85 ,SHUT THE FUCK UP DONNIE!,2018
"Cook, Dalvin MIN RB",$185 ,SHUT THE FUCK UP DONNIE!,2018
"Cooks, Brandin LAR WR",$95 ,Best Served Cold,2018
"Cooper, Amari DAL WR",$125 ,DoneDirtCheap,2018
"Cowboys, Dallas DAL TMPK",$2 ,SHUT THE FUCK UP DONNIE!,2018
"Crabtree, Michael BAL WR",$45 ,Best Served Cold,2018
"Crowder, Jamison WAS WR",$35 ,DoneDirtCheap,2018
"Crowell, Isaiah NYJ RB",$6 ,Mean Monkeys with Hammers,2018
"Dalton, Andy CIN QB",$25 ,DoneDirtCheap,2018
"Darnold, Sam NYJ QB",$20 ,Eamus Catuli 000,2018
"Diggs, Stefon MIN WR",$135 ,Mean Monkeys with Hammers,2018
"Doctson, Josh WAS WR",$4 ,Mean Monkeys with Hammers,2018
"Dorsett, Phillip NEP WR",$1 ,Mean Monkeys with Hammers,2018
"Doyle, Jack IND TE",$20 ,Mean Monkeys with Hammers,2018
"Drake, Kenyan MIA RB",$95 ,DoneDirtCheap,2018
"Eagles, Philadelphia PHI Def",$6 ,DoneDirtCheap,2018
"Eagles, Philadelphia PHI TMPK",$5 ,SHUT THE FUCK UP DONNIE!,2018
"Ebron, Eric IND TE",$6 ,Mile High,2018
"Edmonds, Chase ARI RB",$1 ,Mean Monkeys with Hammers,2018
"Eifert, Tyler CIN TE",$11 ,SHUT THE FUCK UP DONNIE!,2018
"Enunwa, Quincy NYJ WR",$1 ,Appetite for Destruction,2018
"Falcons, Atlanta ATL TMPK",$8 ,DoneDirtCheap,2018
"Fitzgerald, Larry ARI WR",$85 ,Best Served Cold,2018
"Fitzpatrick, Ryan TBB QB",$1 ,Best Served Cold,2018
"Flacco, Joe BAL QB",$10 ,SHUT THE FUCK UP DONNIE!,2018
"Foles, Nick PHI QB",$1 ,Appetite for Destruction,2018
"Freeman, Royce DEN RB",$85 ,Eamus Catuli 000,2018
"Fuller, Will HOU WR",$40 ,Mean Monkeys with Hammers,2018
"Funchess, Devin CAR WR",$20 ,Mean Monkeys with Hammers,2018
"Gallup, Michael DAL WR",$8 ,Eamus Catuli 000,2018
"Garcon, Pierre SFO WR",$13 ,SHUT THE FUCK UP DONNIE!,2018
"Gesicki, Mike MIA TE",$1 ,Eamus Catuli 000,2018
"Ginn Jr., Ted NOS WR",$1 ,"Knights of ""Ni""",2018
"Godwin, Chris TBB WR",$2 ,"Knights of ""Ni""",2018
"Golladay, Kenny DET WR",$3 ,Best Served Cold,2018
"Gordon, Josh NEP WR",$75 ,Bears Got Big Mack,2018
"Graham, Jimmy GBP TE",$55 ,SHUT THE FUCK UP DONNIE!,2018
"Green, A.J. CIN WR",$160 ,Mile High,2018
"Green, Virgil LAC TE",$1 ,Bears Got Big Mack,2018
"Gronkowski, Rob NEP TE",$155 ,Appetite for Destruction,2018
"Guice, Derrius WAS RB",$15 ,Eamus Catuli 000,2018
"Henry, Derrick TEN RB",$85 ,Bears Got Big Mack,2018
"Hines, Nyheim IND RB",$3 ,Mean Monkeys with Hammers,2018
"Hooper, Austin ATL TE",$1 ,Get The Poison Out,2018
"Howard, Jordan CHI RB",$155 ,Bears Got Big Mack,2018
"Howard, O.J. TBB TE",$1 ,DoneDirtCheap,2018
"Hurns, Allen DAL WR",$5 ,SHUT THE FUCK UP DONNIE!,2018
"Hurst, Hayden BAL TE",$1 ,SHUT THE FUCK UP DONNIE!,2018
"Hyde, Carlos JAC RB",$45 ,Appetite for Destruction,2018
"Ingram, Mark NOS RB",$85 ,Mile High,2018
"Jackson, DeSean TBB WR",$1 ,"Knights of ""Ni""",2018
"Jackson, Lamar BAL QB",$9 ,Eamus Catuli 000,2018
"Jaguars, Jacksonville JAC Def",$25 ,Get The Poison Out,2018
"Jeffery, Alshon PHI WR",$35 ,Appetite for Destruction,2018
"Johnson, Kerryon DET RB",$40 ,Eamus Catuli 000,2018
"Jones, Aaron GBP RB",$12 ,Eamus Catuli 000,2018
"Jones, Ronald TBB RB",$13 ,"Knights of ""Ni""",2018
"Keenum, Case DEN QB",$60 ,Get The Poison Out,2018
"Kirk, Christian ARI WR",$1 ,Appetite for Destruction,2018
"Kittle, George SFO TE",$6 ,DoneDirtCheap,2018
"Lewis, Dion TEN RB",$55 ,Get The Poison Out,2018
"Lions, Detroit DET TMPK",$3 ,Eamus Catuli 000,2018
"Lockett, Tyler SEA WR",$18 ,Get The Poison Out,2018
"Lynch, Marshawn OAK RB",$50 ,Appetite for Destruction,2018
"Manning, Eli NYG QB",$35 ,"Knights of ""Ni""",2018
"Mariota, Marcus TEN QB",$80 ,SHUT THE FUCK UP DONNIE!,2018
"Martin, Doug OAK RB",$3 ,"Knights of ""Ni""",2018
"Matthews, Rishard NYJ WR",$16 ,Mile High,2018
"Mayfield, Baker CLE QB",$20 ,Get The Poison Out,2018
"McCoy, LeSean BUF RB",$105 ,DoneDirtCheap,2018
"McKinnon, Jerick SFO RB",$125 ,"Knights of ""Ni""",2018
"Michel, Sony NEP RB",$20 ,Appetite for Destruction,2018
"Miller, Anthony CHI WR",$2 ,Bears Got Big Mack,2018
"Miller, Lamar HOU RB",$95 ,Best Served Cold,2018
"Montgomery, Ty BAL RB",$2 ,Bears Got Big Mack,2018
"Moore, D.J. CAR WR",$25 ,DoneDirtCheap,2018
"Morris, Alfred SFO RB",$2 ,"Knights of ""Ni""",2018
"Nelson, Jordy OAK WR",$55 ,Mile High,2018
"Njoku, David CLE TE",$30 ,Eamus Catuli 000,2018
"Olsen, Greg CAR TE",$65 ,DoneDirtCheap,2018
"Packers, Green Bay GBP TMPK",$1 ,"Knights of ""Ni""",2018
"Panthers, Carolina CAR Def",$1 ,"Knights of ""Ni""",2018
"Panthers, Carolina CAR TMPK",$1 ,Bears Got Big Mack,2018
"Parker, DeVante MIA WR",$5 ,Bears Got Big Mack,2018
"Patriots, New England NEP TMPK",$16 ,Get The Poison Out,2018
"Penny, Rashaad SEA RB",$30 ,Mile High,2018
"Peterson, Adrian WAS RB",$3 ,DoneDirtCheap,2018
"Powell, Bilal NYJ RB",$1 ,"Knights of ""Ni""",2018
"Prescott, Dak DAL QB",$55 ,Bears Got Big Mack,2018
"Rams, Los Angeles LAR Def",$18 ,Eamus Catuli 000,2018
"Rams, Los Angeles LAR TMPK",$20 ,Mile High,2018
"Ravens, Baltimore BAL Def",$5 ,Best Served Cold,2018
"Ravens, Baltimore BAL TMPK",$11 ,Mile High,2018
"Reed, Jordan WAS TE",$20 ,Mean Monkeys with Hammers,2018
"Richardson, Paul WAS WR",$1 ,"Knights of ""Ni""",2018
"Riddick, Theo DET RB",$2 ,Best Served Cold,2018
"Ridley, Calvin ATL WR",$30 ,Appetite for Destruction,2018
"Robinson, Allen CHI WR",$55 ,"Knights of ""Ni""",2018
"Rodgers, Aaron GBP QB",$225 ,Get The Poison Out,2018
"Roethlisberger, Ben PIT QB",$115 ,Best Served Cold,2018
"Rosen, Josh ARI QB",$6 ,Mean Monkeys with Hammers,2018
"Ross, John CIN WR",$1 ,Get The Poison Out,2018
"Rudolph, Kyle MIN TE",$25 ,Best Served Cold,2018
"Saints, New Orleans NOS Def",$6 ,Mean Monkeys with Hammers,2018
"Saints, New Orleans NOS TMPK",$4 ,Best Served Cold,2018
"Sanders, Emmanuel DEN WR",$65 ,Get The Poison Out,2018
"Sanu, Mohamed ATL WR",$2 ,SHUT THE FUCK UP DONNIE!,2018
"Shepard, Sterling NYG WR",$12 ,Best Served Cold,2018
"Smith-Schuster, JuJu PIT WR",$125 ,Appetite for Destruction,2018
"Stafford, Matthew DET QB",$135 ,"Knights of ""Ni""",2018
"Steelers, Pittsburgh PIT Def",$1 ,Appetite for Destruction,2018
"Steelers, Pittsburgh PIT TMPK",$1 ,Appetite for Destruction,2018
"Stills, Kenny MIA WR",$3 ,Mile High,2018
"Sutton, Courtland DEN WR",$10 ,Mile High,2018
"Tannehill, Ryan MIA QB",$5 ,Appetite for Destruction,2018
"Tate, Golden PHI WR",$80 ,Best Served Cold,2018
"Taylor, Tyrod CLE QB",$12 ,Mile High,2018
"Texans, Houston HOU Def",$6 ,SHUT THE FUCK UP DONNIE!,2018
"Thomas, Demaryius HOU WR",$75 ,"Knights of ""Ni""",2018
"Trubisky, Mitchell CHI QB",$45 ,Bears Got Big Mack,2018
"Vikings, Minnesota MIN Def",$10 ,Mile High,2018
"Walker, Delanie TEN TE",$35 ,"Knights of ""Ni""",2018
"Ware, Spencer KCC RB",$1 ,Get The Poison Out,2018
"Washington, James PIT WR",$1 ,Appetite for Destruction,2018
"Watkins, Sammy KCC WR",$11 ,Mile High,2018
"Wentz, Carson PHI QB",$125 ,Mean Monkeys with Hammers,2018
"Westbrook, Dede JAC WR",$3 ,Get The Poison Out,2018
"White, James NEP RB",$5 ,Mean Monkeys with Hammers,2018
"White, Kevin CHI WR",$1 ,Appetite for Destruction,2018
"Wilkins, Jordan IND RB",$3 ,SHUT THE FUCK UP DONNIE!,2018
"Williams, Jamaal GBP RB",$30 ,Mile High,2018
"Williams, Mike LAC WR",$20 ,DoneDirtCheap,2018
"Woods, Robert LAR WR",$20 ,Eamus Catuli 000,2018
"Adams, Davante GBP WR",$100 ,Bears Not of Lambeau,2017
"Allen, Keenan LAC WR",$105 ,DoneDirtCheap,2017
"Amendola, Danny NEP WR",$25 ,Bears Not of Lambeau,2017
"Anderson, C.J. DEN RB",$60 ,Appetite for Destruction,2017
"Anderson, Robby NYJ WR",$7 ,"Knights of ""Ni""",2017
"Beasley, Cole DAL WR",$1 ,Best Served Cold,2017
"Beckham, Odell NYG WR",$210 ,SHUT THE FUCK UP DONNIE!,2017
"Benjamin, Kelvin BUF WR",$85 ,SHUT THE FUCK UP DONNIE!,2017
"Bennett, Martellus NEP TE",$25 ,Appetite for Destruction,2017
"Bernard, Giovani CIN RB",$13 ,Mile High,2017
"Bortles, Blake JAC QB",$14 ,"Knights of ""Ni""",2017
"Bradford, Sam MIN QB",$20 ,SHUT THE FUCK UP DONNIE!,2017
"Brees, Drew NOS QB",$265 ,Best Served Cold,2017
"Britt, Kenny NEP WR",$11 ,"Knights of ""Ni""",2017
"Broncos, Denver DEN Def",$20 ,Best Served Cold,2017
"Brown, John ARI WR",$30 ,Get The Poison Out,2017
"Bryant, Dez DAL WR",$155 ,"Knights of ""Ni""",2017
"Bryant, Martavis PIT WR",$80 ,Appetite for Destruction,2017
"Burkhead, Rex NEP RB",$1 ,Get The Poison Out,2017
"Cardinals, Arizona ARI Def",$13 ,Mean Monkeys with Hammers,2017
"Carson, Chris SEA RB",$2 ,DoneDirtCheap,2017
"Chargers, Los Angeles LAC Def",$1 ,Get The Poison Out,2017
"Charles, Jamaal DEN RB",$20 ,DoneDirtCheap,2017
"Chiefs, Kansas City KCC Def",$20 ,Get The Poison Out,2017
"Cobb, Randall GBP WR",$25 ,Mile High,2017
"Coleman, Corey CLE WR",$45 ,Eamus Catuli 000,2017
"Colts, Indianapolis IND TMPK",$3 ,DoneDirtCheap,2017
"Cook, Dalvin MIN RB",$120 ,Eamus Catuli 000,2017
"Cooks, Brandin NEP WR",$165 ,Get The Poison Out,2017
"Cowboys, Dallas DAL TMPK",$6 ,Mean Monkeys with Hammers,2017
"Crabtree, Michael OAK WR",$110 ,Bears Not of Lambeau,2017
"Crowder, Jamison WAS WR",$80 ,Mile High,2017
"Cutler, Jay MIA QB",$15 ,SHUT THE FUCK UP DONNIE!,2017
"Dalton, Andy CIN QB",$60 ,Bears Not of Lambeau,2017
"Davis, Corey TEN WR",$20 ,Appetite for Destruction,2017
"Decker, Eric TEN WR",$35 ,DoneDirtCheap,2017
"Doctson, Josh WAS WR",$8 ,SHUT THE FUCK UP DONNIE!,2017
"Doyle, Jack IND TE",$10 ,Mean Monkeys with Hammers,2017
"Eagles, Philadelphia PHI Def",$1 ,Best Served Cold,2017
"Ebron, Eric DET TE",$11 ,Bears Not of Lambeau,2017
"Edelman, Julian NEP WR",$4 ,Get The Poison Out,2017
"Elliott, Ezekiel DAL RB",$210 ,Appetite for Destruction,2017
"Engram, Evan NYG TE",$1 ,Best Served Cold,2017
"Ertz, Zach PHI TE",$25 ,Bears Not of Lambeau,2017
"Falcons, Atlanta ATL Def",$1 ,Appetite for Destruction,2017
"Falcons, Atlanta ATL TMPK",$13 ,Bears Not of Lambeau,2017
"Fiedorowicz, C.J. HOU TE",$1 ,DoneDirtCheap,2017
"Fitzgerald, Larry ARI WR",$80 ,Mile High,2017
"Flacco, Joe BAL QB",$15 ,"Knights of ""Ni""",2017
"Fleener, Coby NOS TE",$3 ,DoneDirtCheap,2017
"Foreman, D'Onta HOU RB",$1 ,Eamus Catuli 000,2017
"Forte, Matt NYJ RB",$25 ,Best Served Cold,2017
"Fournette, Leonard JAC RB",$120 ,DoneDirtCheap,2017
"Garcon, Pierre SFO WR",$50 ,"Knights of ""Ni""",2017
"Garoppolo, Jimmy SFO QB",$5 ,Eamus Catuli 000,2017
"Giants, New York NYG Def",$3 ,DoneDirtCheap,2017
"Gillislee, Mike NEP RB",$50 ,Bears Not of Lambeau,2017
"Goff, Jared LAR QB",$3 ,Mile High,2017
"Golladay, Kenny DET WR",$12 ,Eamus Catuli 000,2017
"Goodwin, Marquise SFO WR",$1 ,Mean Monkeys with Hammers,2017
"Gore, Frank IND RB",$40 ,Bears Not of Lambeau,2017
"Henry, Derrick TEN RB",$50 ,"Knights of ""Ni""",2017
"Henry, Hunter LAC TE",$20 ,Mile High,2017
"Hill, Jeremy CIN RB",$6 ,Best Served Cold,2017
"Hill, Tyreek KCC WR",$80 ,"Knights of ""Ni""",2017
"Hogan, Chris NEP WR",$50 ,Get The Poison Out,2017
"Hooper, Austin ATL TE",$5 ,Get The Poison Out,2017
"Howard, Jordan CHI RB",$190 ,Mean Monkeys with Hammers,2017
"Howard, O.J. TBB TE",$13 ,SHUT THE FUCK UP DONNIE!,2017
"Hoyer, Brian NEP QB",$30 ,Mean Monkeys with Hammers,2017
"Hunt, Kareem KCC RB",$140 ,Eamus Catuli 000,2017
"Ingram, Mark NOS RB",$75 ,Bears Not of Lambeau,2017
"Jackson, DeSean TBB WR",$25 ,Get The Poison Out,2017
"Johnson, Duke CLE RB",$25 ,"Knights of ""Ni""",2017
"Jones, Marvin DET WR",$8 ,Bears Not of Lambeau,2017
"Jones, Zay BUF WR",$14 ,Mean Monkeys with Hammers,2017
"Kamara, Alvin NOS RB",$11 ,Get The Poison Out,2017
"Kelley, Rob WAS RB",$20 ,Mile High,2017
"Kizer, DeShone CLE QB",$25 ,Get The Poison Out,2017
"Kupp, Cooper LAR WR",$10 ,Eamus Catuli 000,2017
"Lacy, Eddie SEA RB",$18 ,Bears Not of Lambeau,2017
"Landry, Jarvis MIA WR",$50 ,Mean Monkeys with Hammers,2017
"Lewis, Dion NEP RB",$3 ,Mean Monkeys with Hammers,2017
"Lions, Detroit DET TMPK",$1 ,DoneDirtCheap,2017
"Lockett, Tyler SEA WR",$2 ,DoneDirtCheap,2017
"Luck, Andrew IND QB",$100 ,"Knights of ""Ni""",2017
"Lynch, Marshawn OAK RB",$80 ,Bears Not of Lambeau,2017
"Lynch, Paxton DEN QB",$1 ,Best Served Cold,2017
"Mack, Marlon IND RB",$14 ,Eamus Catuli 000,2017
"Maclin, Jeremy BAL WR",$35 ,"Knights of ""Ni""",2017
"Mahomes, Patrick KCC QB",$1 ,Mile High,2017
"Marshall, Brandon NYG WR",$60 ,Bears Not of Lambeau,2017
"Martin, Doug TBB RB",$65 ,Eamus Catuli 000,2017
"Matthews, Jordan BUF WR",$15 ,SHUT THE FUCK UP DONNIE!,2017
"Matthews, Rishard TEN WR",$15 ,Mile High,2017
"McCaffrey, Christian CAR RB",$100 ,SHUT THE FUCK UP DONNIE!,2017
"McDonald, Vance PIT TE",$1 ,Appetite for Destruction,2017
"McFadden, Darren FA RB",$25 ,Appetite for Destruction,2017
"Meredith, Cameron CHI WR",$1 ,Appetite for Destruction,2017
"Mitchell, Malcolm NEP WR",$1 ,Appetite for Destruction,2017
"Mixon, Joe CIN RB",$85 ,Best Served Cold,2017
"Moncrief, Donte IND WR",$20 ,Mean Monkeys with Hammers,2017
"Montgomery, Ty GBP RB",$85 ,SHUT THE FUCK UP DONNIE!,2017
"Murray, Latavius MIN RB",$2 ,"Knights of ""Ni""",2017
"Newton, Cam CAR QB",$115 ,DoneDirtCheap,2017
"Olsen, Greg CAR TE",$55 ,Get The Poison Out,2017
"Packers, Green Bay GBP TMPK",$8 ,Best Served Cold,2017
"Palmer, Carson ARI QB",$60 ,Mean Monkeys with Hammers,2017
"Panthers, Carolina CAR Def",$5 ,"Knights of ""Ni""",2017
"Panthers, Carolina CAR TMPK",$2 ,SHUT THE FUCK UP DONNIE!,2017
"Patriots, New England NEP Def",$13 ,DoneDirtCheap,2017
"Patriots, New England NEP TMPK",$13 ,Get The Poison Out,2017
"Perine, Samaje WAS RB",$20 ,Mean Monkeys with Hammers,2017
"Perkins, Paul NYG RB",$30 ,SHUT THE FUCK UP DONNIE!,2017
"Perriman, Breshad BAL WR",$1 ,"Knights of ""Ni""",2017
"Peterson, Adrian ARI RB",$45 ,Mile High,2017
"Prosise, C.J. SEA RB",$12 ,Get The Poison Out,2017
"Pryor, Terrelle WAS WR",$135 ,Mile High,2017
"Raiders, Oakland OAK TMPK",$1 ,"Knights of ""Ni""",2017
"Ravens, Baltimore BAL Def",$5 ,SHUT THE FUCK UP DONNIE!,2017
"Ravens, Baltimore BAL TMPK",$20 ,Mile High,2017
"Rawls, Thomas SEA RB",$20 ,Bears Not of Lambeau,2017
"Riddick, Theo DET RB",$20 ,Mean Monkeys with Hammers,2017
"Robinson, Allen JAC WR",$95 ,DoneDirtCheap,2017
"Rodgers, Jacquizz TBB RB",$15 ,Get The Poison Out,2017
"Roethlisberger, Ben PIT QB",$175 ,Appetite for Destruction,2017
"Ross, John CIN WR",$1 ,Eamus Catuli 000,2017
"Rudolph, Kyle MIN TE",$30 ,Eamus Catuli 000,2017
"Saints, New Orleans NOS TMPK",$2 ,Eamus Catuli 000,2017
"Samuel, Curtis CAR WR",$1 ,Best Served Cold,2017
"Sanu, Mohamed ATL WR",$2 ,Appetite for Destruction,2017
"Seahawks, Seattle SEA Def",$20 ,Eamus Catuli 000,2017
"Seahawks, Seattle SEA TMPK",$1 ,Appetite for Destruction,2017
"Seferian-Jenkins, Austin NYJ TE",$1 ,Best Served Cold,2017
"Shepard, Sterling NYG WR",$11 ,Mean Monkeys with Hammers,2017
"Siemian, Trevor DEN QB",$4 ,SHUT THE FUCK UP DONNIE!,2017
"Sims, Charles TBB RB",$7 ,Eamus Catuli 000,2017
"Smallwood, Wendell PHI RB",$4 ,Best Served Cold,2017
"Smith, Alex WAS QB",$11 ,Best Served Cold,2017
"Smith-Schuster, JuJu PIT WR",$5 ,Appetite for Destruction,2017
"Snead, Willie NOS WR",$25 ,Mile High,2017
"Sproles, Darren PHI RB",$14 ,DoneDirtCheap,2017
"Steelers, Pittsburgh PIT Def",$2 ,Appetite for Destruction,2017
"Stewart, Jonathan CAR RB",$15 ,"Knights of ""Ni""",2017
"Stills, Kenny MIA WR",$2 ,SHUT THE FUCK UP DONNIE!,2017
"Tate, Golden DET WR",$95 ,Get The Poison Out,2017
"Taylor, Tyrod BUF QB",$40 ,Mile High,2017
"Texans, Houston HOU Def",$25 ,Bears Not of Lambeau,2017
"Thielen, Adam MIN WR",$60 ,Eamus Catuli 000,2017
"Thomas, Demaryius DEN WR",$125 ,Best Served Cold,2017
"Thomas, Julius MIA TE",$1 ,Eamus Catuli 000,2017
"Thompson, Chris WAS RB",$13 ,Mile High,2017
"Treadwell, Laquon MIN WR",$1 ,Appetite for Destruction,2017
"Trubisky, Mitchell CHI QB",$20 ,Eamus Catuli 000,2017
"Vereen, Shane NYG RB",$1 ,"Knights of ""Ni""",2017
"Vikings, Minnesota MIN Def",$20 ,Mile High,2017
"Walker, Delanie TEN TE",$65 ,Mean Monkeys with Hammers,2017
"Wallace, Mike BAL WR",$12 ,SHUT THE FUCK UP DONNIE!,2017
"Ware, Spencer KCC RB",$1 ,Appetite for Destruction,2017
"Watkins, Sammy LAR WR",$60 ,Mean Monkeys with Hammers,2017
"Watson, Deshaun HOU QB",$20 ,Eamus Catuli 000,2017
"West, Terrance BAL RB",$40 ,Best Served Cold,2017
"White, James NEP RB",$13 ,DoneDirtCheap,2017
"White, Kevin CHI WR",$20 ,Mile High,2017
"Williams, Jamaal GBP RB",$8 ,DoneDirtCheap,2017
"Williams, Mike LAC WR",$8 ,SHUT THE FUCK UP DONNIE!,2017
"Williams, Tyrell LAC WR",$25 ,Best Served Cold,2017
"Woodhead, Danny BAL RB",$75 ,Get The Poison Out,2017
"Abdullah, Ameer DET RB",$40 ,Mile High,2016
"Aiken, Kamar BAL WR",$8 ,Mile High,2016
"Ajayi, Jay MIA RB",$35 ,Appetite for Destruction,2016
"Allen, Dwayne IND TE",$10 ,Bears Not of Lambeau,2016
"Allen, Javorius BAL RB",$1 ,"Knights of ""Ni""",2016
"Anderson, C.J. DEN RB",$160 ,Eamus Catuli!,2016
"Austin, Tavon RAM WR",$11 ,Best Served Cold,2016
"Baldwin, Doug SEA WR",$70 ,Mile High,2016
"Barnidge, Gary CLE TE",$50 ,Bears Not of Lambeau,2016
"Bengals, Cincinnati CIN Def",$9 ,Bears Not of Lambeau,2016
"Benjamin, Kelvin CAR WR",$80 ,Mean Monkeys with Hammers,2016
"Benjamin, Travis SDC WR",$11 ,Get The Poison Out,2016
"Bennett, Martellus NEP TE",$20 ,Mean Monkeys with Hammers,2016
"Bibbs, Kapri DEN RB",$1 ,Mile High,2016
"Bills, Buffalo BUF Def",$1 ,DoneDirtCheap,2016
"Blount, LeGarrette NEP RB",$11 ,SHUT THE FUCK UP DONNIE!,2016
"Booker, Devontae DEN RB",$20 ,SHUT THE FUCK UP DONNIE!,2016
"Boyd, Tyler CIN WR",$20 ,Get The Poison Out,2016
"Bradford, Sam MIN QB",$5 ,Get The Poison Out,2016
"Brady, Tom NEP QB",$200 ,Appetite for Destruction,2016
"Brees, Drew NOS QB",$250 ,Best Served Cold,2016
"Broncos, Denver DEN Def",$25 ,Get The Poison Out,2016
"Bryant, Dez DAL WR",$165 ,Bears Not of Lambeau,2016
"Cardinals, Arizona ARI Def",$20 ,Bears Not of Lambeau,2016
"Cardinals, Arizona ARI TMPK",$2 ,Eamus Catuli!,2016
"Charles, Jamaal KCC RB",$150 ,Mean Monkeys with Hammers,2016
"Chiefs, Kansas City KCC Def",$20 ,SHUT THE FUCK UP DONNIE!,2016
"Coates, Sammie PIT WR",$1 ,Eamus Catuli!,2016
"Coleman, Corey CLE WR",$13 ,SHUT THE FUCK UP DONNIE!,2016
"Coleman, Tevin ATL RB",$9 ,Appetite for Destruction,2016
"Colts, Indianapolis IND TMPK",$3 ,SHUT THE FUCK UP DONNIE!,2016
"Cook, Jared GBP TE",$14 ,Appetite for Destruction,2016
"Cooks, Brandin NOS WR",$155 ,DoneDirtCheap,2016
"Cousins, Kirk WAS QB",$65 ,Get The Poison Out,2016
"Cowboys, Dallas DAL TMPK",$1 ,DoneDirtCheap,2016
"Crowell, Isaiah CLE RB",$11 ,Mile High,2016
"Cutler, Jay CHI QB",$4 ,SHUT THE FUCK UP DONNIE!,2016
"Diggs, Stefon MIN WR",$20 ,Mean Monkeys with Hammers,2016
"Dixon, Kenneth BAL RB",$10 ,Eamus Catuli!,2016
"Doctson, Josh WAS WR",$3 ,Eamus Catuli!,2016
"Dorsett, Phillip IND WR",$4 ,"Knights of ""Ni""",2016
"Draughn, Shaun SFO RB",$5 ,Mean Monkeys with Hammers,2016
"Eagles, Philadelphia PHI Def",$3 ,Get The Poison Out,2016
"Ebron, Eric DET TE",$6 ,Mile High,2016
"Edelman, Julian NEP WR",$100 ,Appetite for Destruction,2016
"Eifert, Tyler CIN TE",$3 ,DoneDirtCheap,2016
"Elliott, Ezekiel DAL RB",$235 ,Best Served Cold,2016
"Ertz, Zach PHI TE",$20 ,DoneDirtCheap,2016
"Ervin, Tyler HOU RB",$1 ,DoneDirtCheap,2016
"Fitzgerald, Larry ARI WR",$65 ,Get The Poison Out,2016
"Flacco, Joe BAL QB",$2 ,"Knights of ""Ni""",2016
"Fleener, Coby NOS TE",$50 ,SHUT THE FUCK UP DONNIE!,2016
"Forsett, Justin DEN RB",$1 ,DoneDirtCheap,2016
"Forte, Matt NYJ RB",$135 ,Mile High,2016
"Foster, Arian FA RB",$75 ,Appetite for Destruction,2016
"Fuller, Will HOU WR",$30 ,Mile High,2016
"Funchess, Devin CAR WR",$10 ,Mean Monkeys with Hammers,2016
"Gabbert, Blaine SFO QB",$1 ,Mean Monkeys with Hammers,2016
"Garcon, Pierre WAS WR",$4 ,Mean Monkeys with Hammers,2016
"Garoppolo, Jimmy NEP QB",$1 ,Appetite for Destruction,2016
"Gates, Antonio SDC TE",$25 ,Get The Poison Out,2016
"Ginn Jr., Ted CAR WR",$3 ,Best Served Cold,2016
"Goff, Jared RAM QB",$6 ,Best Served Cold,2016
"Gordon, Josh CLE WR",$50 ,Mean Monkeys with Hammers,2016
"Gordon, Melvin SDC RB",$80 ,"Knights of ""Ni""",2016
"Gore, Frank IND RB",$50 ,Mean Monkeys with Hammers,2016
"Graham, Jimmy SEA TE",$15 ,Appetite for Destruction,2016
"Green-Beckham, Dorial PHI WR",$1 ,"Knights of ""Ni""",2016
"Griffin III, Robert CLE QB",$3 ,Eamus Catuli!,2016
"Gronkowski, Rob NEP TE",$165 ,Best Served Cold,2016
"Henry, Derrick TEN RB",$65 ,DoneDirtCheap,2016
"Henry, Hunter SDC TE",$1 ,Eamus Catuli!,2016
"Hightower, Tim NOS RB",$1 ,"Knights of ""Ni""",2016
"Hill, Jeremy CIN RB",$95 ,SHUT THE FUCK UP DONNIE!,2016
"Hurns, Allen JAC WR",$50 ,Appetite for Destruction,2016
"Ingram, Mark NOS RB",$180 ,"Knights of ""Ni""",2016
"Ivory, Chris JAC RB",$20 ,SHUT THE FUCK UP DONNIE!,2016
"Jackson, DeSean WAS WR",$35 ,Best Served Cold,2016
"Jackson, Vincent TBB WR",$20 ,SHUT THE FUCK UP DONNIE!,2016
"Jaguars, Jacksonville JAC Def",$3 ,Eamus Catuli!,2016
"Jennings, Rashad NYG RB",$25 ,Get The Poison Out,2016
"Jets, New York NYJ Def",$1 ,DoneDirtCheap,2016
"Johnson, Chris ARI RB",$1 ,DoneDirtCheap,2016
"Jones, Marvin DET WR",$25 ,DoneDirtCheap,2016
"Kelce, Travis KCC TE",$55 ,Mile High,2016
"Landry, Jarvis MIA WR",$145 ,DoneDirtCheap,2016
"Langford, Jeremy CHI RB",$110 ,Mean Monkeys with Hammers,2016
"Lockett, Tyler SEA WR",$45 ,SHUT THE FUCK UP DONNIE!,2016
"Lynch, Paxton DEN QB",$25 ,Mile High,2016
"Martin, Doug TBB RB",$125 ,Eamus Catuli!,2016
"Mathews, Ryan PHI RB",$65 ,Bears Not of Lambeau,2016
"Matthews, Jordan PHI WR",$55 ,Get The Poison Out,2016
"Matthews, Rishard TEN WR",$6 ,"Knights of ""Ni""",2016
"McCoy, LeSean BUF RB",$180 ,SHUT THE FUCK UP DONNIE!,2016
"McDonald, Vance SFO TE",$11 ,Get The Poison Out,2016
"McKinnon, Jerick MIN RB",$7 ,Eamus Catuli!,2016
"Michael, Christine GBP RB",$30 ,SHUT THE FUCK UP DONNIE!,2016
"Miller, Zach CHI TE",$3 ,Eamus Catuli!,2016
"Morris, Alfred DAL RB",$7 ,Best Served Cold,2016
"Murray, DeMarco TEN RB",$95 ,Get The Poison Out,2016
"Olsen, Greg CAR TE",$80 ,"Knights of ""Ni""",2016
"Packers, Green Bay GBP Def",$3 ,Best Served Cold,2016
"Panthers, Carolina CAR Def",$20 ,Appetite for Destruction,2016
"Parker, DeVante MIA WR",$20 ,Eamus Catuli!,2016
"Patriots, New England NEP Def",$7 ,Best Served Cold,2016
"Patriots, New England NEP TMPK",$20 ,Get The Poison Out,2016
"Perriman, Breshad BAL WR",$1 ,Bears Not of Lambeau,2016
"Peterson, Adrian MIN RB",$240 ,Eamus Catuli!,2016
"Powell, Bilal NYJ RB",$10 ,Get The Poison Out,2016
"Prescott, Dak DAL QB",$60 ,SHUT THE FUCK UP DONNIE!,2016
"Prosise, C.J. SEA RB",$1 ,Best Served Cold,2016
"Raiders, Oakland OAK Def",$2 ,"Knights of ""Ni""",2016
"Rams, Los Angeles RAM Def",$8 ,Bears Not of Lambeau,2016
"Ravens, Baltimore BAL TMPK",$2 ,Mile High,2016
"Rawls, Thomas SEA RB",$90 ,Bears Not of Lambeau,2016
"Reed, Jordan WAS TE",$90 ,SHUT THE FUCK UP DONNIE!,2016
"Riddick, Theo DET RB",$5 ,Best Served Cold,2016
"Roethlisberger, Ben PIT QB",$215 ,DoneDirtCheap,2016
"Romo, Tony DAL QB",$1 ,"Knights of ""Ni""",2016
"Rudolph, Kyle MIN TE",$1 ,Mean Monkeys with Hammers,2016
"Ryan, Matt ATL QB",$25 ,Appetite for Destruction,2016
"Sanders, Emmanuel DEN WR",$60 ,Bears Not of Lambeau,2016
"Sanu, Mohamed ATL WR",$3 ,"Knights of ""Ni""",2016
"Seahawks, Seattle SEA Def",$20 ,Mile High,2016
"Seahawks, Seattle SEA TMPK",$4 ,Best Served Cold,2016
"Sharpe, Tajae TEN WR",$30 ,Eamus Catuli!,2016
"Shepard, Sterling NYG WR",$35 ,Get The Poison Out,2016
"Siemian, Trevor DEN QB",$1 ,DoneDirtCheap,2016
"Sims, Charles TBB RB",$25 ,SHUT THE FUCK UP DONNIE!,2016
"Smith, Alex KCC QB",$7 ,DoneDirtCheap,2016
"Smith, Steve FA WR",$2 ,Mile High,2016
"Smith, Torrey SFO WR",$7 ,Mean Monkeys with Hammers,2016
"Snead, Willie NOS WR",$30 ,Appetite for Destruction,2016
"Sproles, Darren PHI RB",$3 ,Appetite for Destruction,2016
"Stafford, Matthew DET QB",$55 ,Bears Not of Lambeau,2016
"Starks, James GBP RB",$3 ,Bears Not of Lambeau,2016
"Steelers, Pittsburgh PIT Def",$4 ,Mean Monkeys with Hammers,2016
"Stewart, Jonathan CAR RB",$60 ,"Knights of ""Ni""",2016
"Tate, Golden DET WR",$95 ,"Knights of ""Ni""",2016
"Texans, Houston HOU Def",$20 ,Mile High,2016
"Thomas, Michael NOS WR",$9 ,Bears Not of Lambeau,2016
"Thompson, Chris WAS RB",$1 ,"Knights of ""Ni""",2016
"Treadwell, Laquon MIN WR",$1 ,DoneDirtCheap,2016
"Vereen, Shane NYG RB",$1 ,Mile High,2016
"Vikings, Minnesota MIN Def",$11 ,Eamus Catuli!,2016
"Vikings, Minnesota MIN TMPK",$3 ,Appetite for Destruction,2016
"Walford, Clive OAK TE",$2 ,Eamus Catuli!,2016
"Walker, Delanie TEN TE",$50 ,Mean Monkeys with Hammers,2016
"Ware, Spencer KCC RB",$30 ,SHUT THE FUCK UP DONNIE!,2016
"Washington, DeAndre OAK RB",$30 ,Get The Poison Out,2016
"Wentz, Carson PHI QB",$6 ,Bears Not of Lambeau,2016
"West, Terrance BAL RB",$2 ,DoneDirtCheap,2016
"Wheaton, Markus PIT WR",$13 ,Eamus Catuli!,2016
"White, James NEP RB",$3 ,Mile High,2016
"White, Kevin CHI WR",$25 ,Bears Not of Lambeau,2016
"Williams, DeAngelo PIT RB",$60 ,Appetite for Destruction,2016
"Witten, Jason DAL TE",$20 ,Mile High,2016
"Woodhead, Danny SDC RB",$55 ,Get The Poison Out,2016
"Yeldon, T.J. JAC RB",$30 ,Bears Not of Lambeau,2016
"Abdullah, Ameer DET RB",$70 ,DoneDirtCheap,2015
"Adams, Davante GBP WR",$100 ,San Pedro Bay WOLVERINES,2015
"Agholor, Nelson PHI WR",$80 ,DoneDirtCheap,2015
"Allen, Dwayne IND TE",$7 ,Bears Not of Lambeau,2015
"Anderson, C.J. DEN RB",$225 ,M&A,2015
"Beckham, Odell NYG WR",$190 ,Bears Not of Lambeau,2015
"Bell, Joique DET RB",$30 ,Appetite for Destruction,2015
"Benjamin, Kelvin CAR WR",$3 ,San Pedro Bay WOLVERINES,2015
"Bernard, Giovani CIN RB",$30 ,Mean Monkeys with Hammers,2015
"Bills, Buffalo BUF Def",$20 ,Bears Not of Lambeau,2015
"Blount, LeGarrette NEP RB",$35 ,Best Served Cold,2015
"Blue, Alfred HOU RB",$17 ,Appetite for Destruction,2015
"Boldin, Anquan SFO WR",$20 ,M&A,2015
"Bortles, Blake JAC QB",$40 ,Mile High,2015
"Bradford, Sam PHI QB",$100 ,Appetite for Destruction,2015
"Brady, Tom NEP QB",$195 ,Get The Poison Out,2015
"Brees, Drew NOS QB",$175 ,Mean Monkeys with Hammers,2015
"Broncos, Denver DEN Def",$20 ,Get The Poison Out,2015
"Broncos, Denver DEN TMPK",$6 ,San Pedro Bay WOLVERINES,2015
"Brown, John ARI WR",$40 ,Get The Poison Out,2015
"Bryant, Martavis PIT WR",$50 ,Bears Not of Lambeau,2015
"Bush, Reggie SFO RB",$3 ,Mean Monkeys with Hammers,2015
"Cameron, Jordan MIA TE",$25 ,San Pedro Bay WOLVERINES,2015
"Cardinals, Arizona ARI Def",$20 ,Mean Monkeys with Hammers,2015
"Carr, Derek OAK QB",$55 ,Get The Poison Out,2015
"Cobb, David TEN RB",$5 ,"Knights of ""Ni""",2015
"Coleman, Brandon NOS WR",$9 ,DoneDirtCheap,2015
"Coleman, Tevin ATL RB",$45 ,Best Served Cold,2015
"Colston, Marques NOS WR",$20 ,Mile High,2015
"Colts, Indianapolis IND Def",$1 ,Appetite for Destruction,2015
"Colts, Indianapolis IND TMPK",$10 ,Mile High,2015
"Cooper, Amari OAK WR",$95 ,M&A,2015
"Cousins, Kirk WAS QB",$6 ,"Knights of ""Ni""",2015
"Cowboys, Dallas DAL TMPK",$2 ,M&A,2015
"Crabtree, Michael OAK WR",$5 ,Mean Monkeys with Hammers,2015
"Crowell, Isaiah CLE RB",$35 ,San Pedro Bay WOLVERINES,2015
"Cruz, Victor NYG WR",$20 ,"Knights of ""Ni""",2015
"Cutler, Jay CHI QB",$11 ,Appetite for Destruction,2015
"Dalton, Andy CIN QB",$7 ,Bears Not of Lambeau,2015
"Daniels, Owen DEN TE",$20 ,San Pedro Bay WOLVERINES,2015
"Decker, Eric NYJ WR",$25 ,"Knights of ""Ni""",2015
"Dolphins, Miami MIA Def",$11 ,"Knights of ""Ni""",2015
"Dorsett, Phillip IND WR",$7 ,San Pedro Bay WOLVERINES,2015
"Eagles, Philadelphia PHI Def",$11 ,Bears Not of Lambeau,2015
"Eagles, Philadelphia PHI TMPK",$4 ,DoneDirtCheap,2015
"Ebron, Eric DET TE",$7 ,Mile High,2015
"Edelman, Julian NEP WR",$90 ,DoneDirtCheap,2015
"Eifert, Tyler CIN TE",$20 ,Get The Poison Out,2015
"Ellington, Andre ARI RB",$65 ,"Knights of ""Ni""",2015
"Ertz, Zach PHI TE",$13 ,"Knights of ""Ni""",2015
"Falcons, Atlanta ATL TMPK",$2 ,Bears Not of Lambeau,2015
"Fitzgerald, Larry ARI WR",$45 ,M&A,2015
"Floyd, Michael ARI WR",$6 ,Bears Not of Lambeau,2015
"Foles, Nick STL QB",$15 ,M&A,2015
"Forsett, Justin BAL RB",$160 ,Mile High,2015
"Foster, Arian HOU RB",$110 ,Appetite for Destruction,2015
"Freeman, Devonta ATL RB",$20 ,Best Served Cold,2015
"Funchess, Devin CAR WR",$20 ,San Pedro Bay WOLVERINES,2015
"Garcon, Pierre WAS WR",$9 ,San Pedro Bay WOLVERINES,2015
"Gates, Antonio SDC TE",$5 ,Mile High,2015
"Gordon, Melvin SDC RB",$120 ,Bears Not of Lambeau,2015
"Graham, Jimmy SEA TE",$130 ,Appetite for Destruction,2015
"Gray, Jonas JAC RB",$1 ,Appetite for Destruction,2015
"Green-Beckham, Dorial TEN WR",$7 ,San Pedro Bay WOLVERINES,2015
"Gurley, Todd STL RB",$75 ,Get The Poison Out,2015
"Harvin, Percy BUF WR",$1 ,Appetite for Destruction,2015
"Helu, Roy OAK RB",$4 ,"Knights of ""Ni""",2015
"Hill, Josh NOS TE",$2 ,Mean Monkeys with Hammers,2015
"Hurns, Allen JAC WR",$1 ,Bears Not of Lambeau,2015
"Ivory, Chris NYJ RB",$65 ,"Knights of ""Ni""",2015
"Jackson, DeSean WAS WR",$50 ,Best Served Cold,2015
"Jackson, Fred SEA RB",$5 ,Best Served Cold,2015
"Jackson, Vincent TBB WR",$65 ,Mile High,2015
"Janis, Jeff GBP WR",$1 ,DoneDirtCheap,2015
"Jennings, Rashad NYG RB",$45 ,Get The Poison Out,2015
"Jets, New York NYJ Def",$15 ,Mile High,2015
"Johnson, Andre IND WR",$85 ,"Knights of ""Ni""",2015
"Johnson, Calvin DET WR",$180 ,Mean Monkeys with Hammers,2015
"Johnson, Charles MIN WR",$30 ,Mile High,2015
"Johnson, David ARI RB",$20 ,DoneDirtCheap,2015
"Johnson, Duke CLE RB",$20 ,Mile High,2015
"Johnson, Stevie SDC WR",$20 ,Mile High,2015
"Jones, Matt WAS RB",$20 ,Get The Poison Out,2015
"Kaepernick, Colin SFO QB",$20 ,DoneDirtCheap,2015
"Kelce, Travis KCC TE",$45 ,Bears Not of Lambeau,2015
"LaFell, Brandon NEP WR",$20 ,Best Served Cold,2015
"Landry, Jarvis MIA WR",$95 ,Get The Poison Out,2015
"Langford, Jeremy CHI RB",$6 ,San Pedro Bay WOLVERINES,2015
"Latimer, Cody DEN WR",$1 ,Get The Poison Out,2015
"Lions, Detroit DET TMPK",$1 ,"Knights of ""Ni""",2015
"Maclin, Jeremy KCC WR",$90 ,"Knights of ""Ni""",2015
"Manning, Peyton DEN QB",$160 ,San Pedro Bay WOLVERINES,2015
"Mariota, Marcus TEN QB",$55 ,Mean Monkeys with Hammers,2015
"Marshall, Brandon NYJ WR",$80 ,Best Served Cold,2015
"Martin, Doug TBB RB",$85 ,M&A,2015
"Mason, Tre STL RB",$11 ,Mile High,2015
"Mathews, Ryan PHI RB",$35 ,Mean Monkeys with Hammers,2015
"Matthews, Rishard MIA WR",$1 ,Appetite for Destruction,2015
"Miller, Heath PIT TE",$2 ,Appetite for Destruction,2015
"Moncrief, Donte IND WR",$1 ,Appetite for Destruction,2015
"Montgomery, Ty GBP WR",$3 ,Mean Monkeys with Hammers,2015
"Murray, Latavius OAK RB",$90 ,"Knights of ""Ni""",2015
"Nelson, Jordy GBP WR",$25 ,Best Served Cold,2015
"Osweiler, Brock DEN QB",$17 ,San Pedro Bay WOLVERINES,2015
"Packers, Green Bay GBP Def",$5 ,DoneDirtCheap,2015
"Packers, Green Bay GBP TMPK",$1 ,Get The Poison Out,2015
"Palmer, Carson ARI QB",$45 ,DoneDirtCheap,2015
"Panthers, Carolina CAR Def",$1 ,DoneDirtCheap,2015
"Parker, DeVante MIA WR",$25 ,San Pedro Bay WOLVERINES,2015
"Patriots, New England NEP Def",$5 ,DoneDirtCheap,2015
"Patriots, New England NEP TMPK",$20 ,Best Served Cold,2015
"Perriman, Breshad BAL WR",$7 ,Bears Not of Lambeau,2015
"Peterson, Adrian MIN RB",$290 ,Appetite for Destruction,2015
"Quick, Brian STL WR",$25 ,M&A,2015
"Rams, St. Louis STL Def",$20 ,Best Served Cold,2015
"Randle, Joseph FA* RB",$65 ,Bears Not of Lambeau,2015
"Randle, Rueben NYG WR",$1 ,"Knights of ""Ni""",2015
"Ravens, Baltimore BAL TMPK",$1 ,DoneDirtCheap,2015
"Rivers, Philip SDC QB",$100 ,"Knights of ""Ni""",2015
"Robinson, Allen JAC WR",$65 ,Get The Poison Out,2015
"Robinson, Denard JAC RB",$5 ,Mile High,2015
"Robinson, Khiry NOS RB",$14 ,Get The Poison Out,2015
"Rodgers, Richard GBP TE",$1 ,DoneDirtCheap,2015
"Roethlisberger, Ben PIT QB",$190 ,M&A,2015
"Royal, Eddie CHI WR",$25 ,San Pedro Bay WOLVERINES,2015
"Rudolph, Kyle MIN TE",$20 ,Mean Monkeys with Hammers,2015
"Ryan, Matt ATL QB",$175 ,Bears Not of Lambeau,2015
"Saints, New Orleans NOS TMPK",$4 ,Mean Monkeys with Hammers,2015
"Sankey, Bishop TEN RB",$12 ,"Knights of ""Ni""",2015
"Seahawks, Seattle SEA Def",$25 ,San Pedro Bay WOLVERINES,2015
"Seahawks, Seattle SEA TMPK",$5 ,Bears Not of Lambeau,2015
"Seferian-Jenkins, Austin TBB TE",$18 ,"Knights of ""Ni""",2015
"Shorts, Cecil HOU WR",$1 ,Appetite for Destruction,2015
"Sims, Charles TBB RB",$4 ,Mean Monkeys with Hammers,2015
"Smith, Alex KCC QB",$6 ,Bears Not of Lambeau,2015
"Smith, Steve BAL WR",$20 ,Best Served Cold,2015
"Smith, Torrey SFO WR",$11 ,Best Served Cold,2015
"Spiller, C.J. NOS RB",$65 ,DoneDirtCheap,2015
"Sproles, Darren PHI RB",$7 ,Mile High,2015
"Stafford, Matthew DET QB",$160 ,DoneDirtCheap,2015
"Starks, James GBP RB",$10 ,San Pedro Bay WOLVERINES,2015
"Steelers, Pittsburgh PIT TMPK",$1 ,Mean Monkeys with Hammers,2015
"Stewart, Jonathan CAR RB",$70 ,Mean Monkeys with Hammers,2015
"Stills, Kenny MIA WR",$1 ,Appetite for Destruction,2015
"Taylor, Tyrod BUF QB",$1 ,Get The Poison Out,2015
"Thomas, Julius JAC TE",$20 ,Best Served Cold,2015
"Vereen, Shane NYG RB",$13 ,Mile High,2015
"Vikings, Minnesota MIN Def",$1 ,Get The Poison Out,2015
"Vikings, Minnesota MIN TMPK",$1 ,Appetite for Destruction,2015
"Wheaton, Markus PIT WR",$20 ,Best Served Cold,2015
"White, Kevin CHI WR",$20 ,Mile High,2015
"White, Roddy ATL WR",$20 ,DoneDirtCheap,2015
"Williams, Andre NYG RB",$1 ,Appetite for Destruction,2015
"Williams, DeAngelo PIT RB",$9 ,Mean Monkeys with Hammers,2015
"Williams, Terrance DAL WR",$25 ,Best Served Cold,2015
"Winston, Jameis TBB QB",$40 ,Best Served Cold,2015
"Witten, Jason DAL TE",$20 ,Mile High,2015
"Woodhead, Danny SDC RB",$7 ,M&A,2015
"Wright, Kendall TEN WR",$20 ,Mean Monkeys with Hammers,2015
"Yeldon, T.J. JAC RB",$50 ,Best Served Cold,2015
"49ers, San Francisco SFO Def",$25 ,Best Served Cold,2014
"49ers, San Francisco SFO TMPK",$4 ,Get The Poison Out,2014
"Adams, Davante GBP WR",$1 ,Best Served Cold,2014
"Amendola, Danny NEP WR",$5 ,Bears Not of Lambeau,2014
"Austin, Tavon STL WR",$15 ,M&A,2014
"Baldwin, Doug SEA WR",$1 ,Appetite for Destruction,2014
"Bears, Chicago CHI Def",$2 ,"Knights of ""Ni""",2014
"Bears, Chicago CHI TMPK",$3 ,Appetite for Destruction,2014
"Bengals, Cincinnati CIN Def",$5 ,DoneDirtCheap,2014
"Benjamin, Kelvin CAR WR",$45 ,San Pedro Bay WOLVERINES,2014
"Bennett, Martellus CHI TE",$10 ,Best Served Cold,2014
"Blount, LeGarrette NEP RB",$4 ,Best Served Cold,2014
"Blue, Alfred HOU RB",$20 ,San Pedro Bay WOLVERINES,2014
"Boldin, Anquan SFO WR",$25 ,Bears Not of Lambeau,2014
"Bortles, Blake JAC QB",$40 ,Crew,2014
"Bowe, Dwayne KCC WR",$25 ,Best Served Cold,2014
"Boykin, Jarrett GBP WR",$15 ,Bears Not of Lambeau,2014
"Bradshaw, Ahmad IND RB",$3 ,DoneDirtCheap,2014
"Brady, Tom NEP QB",$220 ,San Pedro Bay WOLVERINES,2014
"Bridgewater, Teddy MIN QB",$8 ,Best Served Cold,2014
"Britt, Kenny STL WR",$6 ,Crew,2014
"Broncos, Denver DEN Def",$10 ,M&A,2014
"Brown, Bryce BUF RB",$1 ,"Knights of ""Ni""",2014
"Browns, Cleveland CLE Def",$3 ,Get The Poison Out,2014
"Buccaneers, Tampa Bay TBB Def",$3 ,Get The Poison Out,2014
"Bush, Reggie DET RB",$85 ,Appetite for Destruction,2014
"Cardinals, Arizona ARI Def",$6 ,Bears Not of Lambeau,2014
"Carr, Derek OAK QB",$30 ,Crew,2014
"Chiefs, Kansas City KCC Def",$7 ,Bears Not of Lambeau,2014
"Clay, Charles MIA TE",$11 ,Mean Monkeys with Hammers,2014
"Colston, Marques NOS WR",$90 ,Get The Poison Out,2014
"Colts, Indianapolis IND TMPK",$2 ,San Pedro Bay WOLVERINES,2014
"Cooks, Brandin NOS WR",$75 ,Get The Poison Out,2014
"Cooper, Riley PHI WR",$40 ,Best Served Cold,2014
"Cousins, Kirk WAS QB",$7 ,Get The Poison Out,2014
"Cowboys, Dallas DAL TMPK",$2 ,Crew,2014
"Cruz, Victor NYG WR",$115 ,"Knights of ""Ni""",2014
"Dalton, Andy CIN QB",$100 ,Best Served Cold,2014
"Davis, Knile KCC RB",$5 ,San Pedro Bay WOLVERINES,2014
"Davis, Vernon SFO TE",$50 ,Appetite for Destruction,2014
"Decker, Eric NYJ WR",$30 ,DoneDirtCheap,2014
"Dobson, Aaron NEP WR",$3 ,DoneDirtCheap,2014
"Dunbar, Lance DAL RB",$2 ,Get The Poison Out,2014
"Ebron, Eric DET TE",$8 ,Crew,2014
"Edelman, Julian NEP WR",$95 ,San Pedro Bay WOLVERINES,2014
"Ellington, Andre ARI RB",$115 ,Bears Not of Lambeau,2014
"Ertz, Zach PHI TE",$25 ,"Knights of ""Ni""",2014
"Evans, Mike TBB WR",$50 ,Mean Monkeys with Hammers,2014
"Falcons, Atlanta ATL TMPK",$2 ,Mean Monkeys with Hammers,2014
"Fitzgerald, Larry ARI WR",$105 ,DoneDirtCheap,2014
"Fitzpatrick, Ryan HOU QB",$1 ,Appetite for Destruction,2014
"Flacco, Joe BAL QB",$30 ,Best Served Cold,2014
"Floyd, Malcom SDC WR",$1 ,"Knights of ""Ni""",2014
"Foster, Arian HOU RB",$130 ,Best Served Cold,2014
"Freeman, Devonta ATL RB",$40 ,San Pedro Bay WOLVERINES,2014
"Garoppolo, Jimmy NEP QB",$1 ,San Pedro Bay WOLVERINES,2014
"Gates, Antonio SDC TE",$2 ,Bears Not of Lambeau,2014
"Gerhart, Toby JAC RB",$80 ,Best Served Cold,2014
"Gordon, Josh CLE WR",$50 ,M&A,2014
"Gore, Frank SFO RB",$45 ,"Knights of ""Ni""",2014
"Green, Ladarius SDC TE",$10 ,Crew,2014
"Greene, Shonn TEN RB",$1 ,"Knights of ""Ni""",2014
"Grimes, Jonathan HOU RB",$3 ,Best Served Cold,2014
"Hartline, Brian MIA WR",$7 ,Mean Monkeys with Hammers,2014
"Hill, Jeremy CIN RB",$20 ,Crew,2014
"Hillman, Ronnie DEN RB",$5 ,Bears Not of Lambeau,2014
"Hilton, T.Y. IND WR",$75 ,M&A,2014
"Hopkins, DeAndre HOU WR",$35 ,Crew,2014
"Hunter, Justin TEN WR",$40 ,Mean Monkeys with Hammers,2014
"Hurns, Allen JAC WR",$1 ,Bears Not of Lambeau,2014
"Hyde, Carlos SFO RB",$60 ,Get The Poison Out,2014
"Ingram, Mark NOS RB",$20 ,San Pedro Bay WOLVERINES,2014
"Ivory, Chris NYJ RB",$3 ,Crew,2014
"Jackson, Fred BUF RB",$25 ,Get The Poison Out,2014
"Jackson, Steven ATL RB",$20 ,M&A,2014
"Jennings, Greg MIN WR",$5 ,Mean Monkeys with Hammers,2014
"Jennings, Rashad NYG RB",$90 ,Mean Monkeys with Hammers,2014
"Johnson, Andre HOU WR",$100 ,DoneDirtCheap,2014
"Johnson, Calvin DET WR",$260 ,Mean Monkeys with Hammers,2014
"Johnson, Chris NYJ RB",$80 ,Appetite for Destruction,2014
"Jones, James OAK WR",$6 ,Appetite for Destruction,2014
"Jones-Drew, Maurice OAK RB",$50 ,Best Served Cold,2014
"Kaepernick, Colin SFO QB",$155 ,"Knights of ""Ni""",2014
"Kelce, Travis KCC TE",$30 ,San Pedro Bay WOLVERINES,2014
"Latimer, Cody DEN WR",$13 ,M&A,2014
"Lee, Marqise JAC WR",$20 ,Mean Monkeys with Hammers,2014
"Locker, Jake TEN QB",$35 ,Mean Monkeys with Hammers,2014
"Manning, Eli NYG QB",$25 ,Bears Not of Lambeau,2014
"Manziel, Johnny CLE QB",$9 ,Mean Monkeys with Hammers,2014
"Martin, Doug TBB RB",$160 ,DoneDirtCheap,2014
"Mason, Tre STL RB",$1 ,San Pedro Bay WOLVERINES,2014
"Mathews, Ryan SDC RB",$80 ,Appetite for Destruction,2014
"Matthews, Jordan PHI WR",$30 ,Crew,2014
"McCown, Josh TBB QB",$11 ,Mean Monkeys with Hammers,2014
"McFadden, Darren OAK RB",$14 ,"Knights of ""Ni""",2014
"Michael, Christine SEA RB",$25 ,San Pedro Bay WOLVERINES,2014
"Miller, Heath PIT TE",$5 ,Get The Poison Out,2014
"Miller, Lamar MIA RB",$25 ,"Knights of ""Ni""",2014
"Moore, Denarius OAK WR",$1 ,"Knights of ""Ni""",2014
"Moreno, Knowshon MIA RB",$55 ,Appetite for Destruction,2014
"Morris, Alfred WAS RB",$80 ,Bears Not of Lambeau,2014
"Nicks, Hakeem IND WR",$17 ,M&A,2014
"Olsen, Greg CAR TE",$30 ,DoneDirtCheap,2014
"Packers, Green Bay GBP TMPK",$2 ,"Knights of ""Ni""",2014
"Palmer, Carson ARI QB",$35 ,Get The Poison Out,2014
"Panthers, Carolina CAR Def",$20 ,Crew,2014
"Patriots, New England NEP Def",$1 ,San Pedro Bay WOLVERINES,2014
"Patriots, New England NEP TMPK",$8 ,Bears Not of Lambeau,2014
"Pierce, Bernard BAL RB",$25 ,"Knights of ""Ni""",2014
"Pitta, Dennis BAL TE",$20 ,DoneDirtCheap,2014
"Rams, St. Louis STL Def",$15 ,"Knights of ""Ni""",2014
"Randle, Rueben NYG WR",$40 ,M&A,2014
"Ravens, Baltimore BAL Def",$2 ,"Knights of ""Ni""",2014
"Ravens, Baltimore BAL TMPK",$1 ,DoneDirtCheap,2014
"Reed, Jordan WAS TE",$25 ,Bears Not of Lambeau,2014
"Rice, Ray FA* RB",$75 ,"Knights of ""Ni""",2014
"Richardson, Trent IND RB",$35 ,Appetite for Destruction,2014
"Ridley, Stevan NEP RB",$12 ,Appetite for Destruction,2014
"Robinson, Khiry NOS RB",$11 ,San Pedro Bay WOLVERINES,2014
"Rudolph, Kyle MIN TE",$25 ,Get The Poison Out,2014
"Saints, New Orleans NOS Def",$1 ,Crew,2014
"Sanders, Emmanuel DEN WR",$80 ,San Pedro Bay WOLVERINES,2014
"Sankey, Bishop TEN RB",$65 ,Crew,2014
"Sanu, Mohamed CIN WR",$1 ,Best Served Cold,2014
"Seahawks, Seattle SEA Def",$35 ,Appetite for Destruction,2014
"Seahawks, Seattle SEA TMPK",$5 ,Best Served Cold,2014
"Shorts, Cecil JAC WR",$20 ,Get The Poison Out,2014
"Smith, Alex KCC QB",$20 ,Crew,2014
"Smith, Geno NYJ QB",$2 ,Get The Poison Out,2014
"Smith, Steve BAL WR",$1 ,Get The Poison Out,2014
"Spiller, C.J. BUF RB",$80 ,Crew,2014
"Sproles, Darren PHI RB",$35 ,Best Served Cold,2014
"Stacy, Zac STL RB",$105 ,M&A,2014
"Starks, James GBP RB",$5 ,Bears Not of Lambeau,2014
"Stewart, Jonathan CAR RB",$4 ,Crew,2014
"Stills, Kenny NOS WR",$3 ,San Pedro Bay WOLVERINES,2014
"Tannehill, Ryan MIA QB",$10 ,Mean Monkeys with Hammers,2014
"Tate, Golden DET WR",$65 ,Appetite for Destruction,2014
"Texans, Houston HOU Def",$5 ,Appetite for Destruction,2014
"Thomas, Pierre NOS RB",$45 ,Get The Poison Out,2014
"Toilolo, Levine ATL TE",$1 ,Appetite for Destruction,2014
"Vereen, Shane NEP RB",$160 ,Appetite for Destruction,2014
"Vikings, Minnesota MIN TMPK",$1 ,M&A,2014
"Walker, Delanie TEN TE",$1 ,Mean Monkeys with Hammers,2014
"Wallace, Mike MIA WR",$65 ,"Knights of ""Ni""",2014
"Watkins, Sammy BUF WR",$80 ,Get The Poison Out,2014
"Wayne, Reggie IND WR",$55 ,Best Served Cold,2014
"West, Terrance CLE RB",$20 ,Mean Monkeys with Hammers,2014
"Wheaton, Markus PIT WR",$17 ,Mean Monkeys with Hammers,2014
"White, James NEP RB",$5 ,M&A,2014
"White, Roddy ATL WR",$150 ,M&A,2014
"Williams, Andre NYG RB",$25 ,DoneDirtCheap,2014
"Williams, DeAngelo CAR RB",$10 ,San Pedro Bay WOLVERINES,2014
"Williams, Terrance DAL WR",$25 ,Bears Not of Lambeau,2014
"Witten, Jason DAL TE",$35 ,Mean Monkeys with Hammers,2014
"Woodhead, Danny SDC RB",$25 ,Appetite for Destruction,2014
"Woods, Robert BUF WR",$3 ,Bears Not of Lambeau,2014
"Wright, Kendall TEN WR",$65 ,Crew,2014